,일시,도,시군구,관광기후지수,관광기후등급
1082,2017-01-01 00:00,제주,서귀포시,57.3,보통
2165,2017-01-01 00:00,제주,제주시,58.59,보통
2164,2017-01-02 00:00,제주,제주시,33.21,나쁨
1081,2017-01-02 00:00,제주,서귀포시,37.95,나쁨
1080,2017-01-03 00:00,제주,서귀포시,62.72,좋음
2163,2017-01-03 00:00,제주,제주시,65.55,좋음
2162,2017-01-04 00:00,제주,제주시,55.76,보통
1079,2017-01-04 00:00,제주,서귀포시,57.3,보통
2161,2017-01-05 00:00,제주,제주시,31.61,나쁨
1078,2017-01-05 00:00,제주,서귀포시,34.75,나쁨
2160,2017-01-06 00:00,제주,제주시,39.39,나쁨
1077,2017-01-06 00:00,제주,서귀포시,39.51,나쁨
1076,2017-01-07 00:00,제주,서귀포시,32.88,나쁨
2159,2017-01-07 00:00,제주,제주시,37.56,나쁨
2158,2017-01-08 00:00,제주,제주시,28.35,나쁨
1075,2017-01-08 00:00,제주,서귀포시,34.48,나쁨
2157,2017-01-09 00:00,제주,제주시,35.14,나쁨
1074,2017-01-09 00:00,제주,서귀포시,52.68,보통
2156,2017-01-10 00:00,제주,제주시,49.81,보통
1073,2017-01-10 00:00,제주,서귀포시,54.22,보통
2155,2017-01-11 00:00,제주,제주시,46.98,보통
1072,2017-01-11 00:00,제주,서귀포시,51.39,보통
2154,2017-01-12 00:00,제주,제주시,32.04,나쁨
1071,2017-01-12 00:00,제주,서귀포시,29.17,나쁨
2153,2017-01-13 00:00,제주,제주시,48.27,보통
1070,2017-01-13 00:00,제주,서귀포시,52.68,보통
2152,2017-01-14 00:00,제주,제주시,20.06,나쁨
1069,2017-01-14 00:00,제주,서귀포시,26.57,나쁨
1068,2017-01-15 00:00,제주,서귀포시,48.52,보통
2151,2017-01-15 00:00,제주,제주시,45.44,보통
2150,2017-01-16 00:00,제주,제주시,46.98,보통
1067,2017-01-16 00:00,제주,서귀포시,48.52,보통
1066,2017-01-17 00:00,제주,서귀포시,52.89,보통
2149,2017-01-17 00:00,제주,제주시,51.35,보통
2148,2017-01-18 00:00,제주,제주시,51.35,보통
1065,2017-01-18 00:00,제주,서귀포시,51.35,보통
1064,2017-01-19 00:00,제주,서귀포시,51.35,보통
2147,2017-01-19 00:00,제주,제주시,51.35,보통
1063,2017-01-20 00:00,제주,서귀포시,17.19,나쁨
2146,2017-01-20 00:00,제주,제주시,15.38,나쁨
1062,2017-01-21 00:00,제주,서귀포시,48.52,보통
2145,2017-01-21 00:00,제주,제주시,46.98,보통
2144,2017-01-22 00:00,제주,제주시,20.06,나쁨
1061,2017-01-22 00:00,제주,서귀포시,23.47,나쁨
1060,2017-01-23 00:00,제주,서귀포시,23.74,나쁨
2143,2017-01-23 00:00,제주,제주시,20.54,나쁨
1059,2017-01-24 00:00,제주,서귀포시,48.52,보통
2142,2017-01-24 00:00,제주,제주시,46.98,보통
1058,2017-01-25 00:00,제주,서귀포시,52.93,보통
2141,2017-01-25 00:00,제주,제주시,52.93,보통
2140,2017-01-26 00:00,제주,제주시,55.76,보통
1057,2017-01-26 00:00,제주,서귀포시,57.3,보통
2139,2017-01-27 00:00,제주,제주시,25.97,나쁨
1056,2017-01-27 00:00,제주,서귀포시,30.38,나쁨
2138,2017-01-28 00:00,제주,제주시,54.43,보통
1055,2017-01-28 00:00,제주,서귀포시,55.76,보통
1054,2017-01-29 00:00,제주,서귀포시,32.88,나쁨
2137,2017-01-29 00:00,제주,제주시,34.17,나쁨
1053,2017-01-30 00:00,제주,서귀포시,32.27,나쁨
2136,2017-01-30 00:00,제주,제주시,13.9,나쁨
1052,2017-01-31 00:00,제주,서귀포시,52.93,보통
2135,2017-01-31 00:00,제주,제주시,45.65,보통
2134,2017-02-01 00:00,제주,제주시,46.98,보통
1051,2017-02-01 00:00,제주,서귀포시,46.98,보통
1050,2017-02-02 00:00,제주,서귀포시,58.31,보통
2133,2017-02-02 00:00,제주,제주시,53.94,보통
2132,2017-02-03 00:00,제주,제주시,52.89,보통
1049,2017-02-03 00:00,제주,서귀포시,57.3,보통
1048,2017-02-04 00:00,제주,서귀포시,27.06,나쁨
2131,2017-02-04 00:00,제주,제주시,31.49,나쁨
1047,2017-02-05 00:00,제주,서귀포시,33.33,나쁨
2130,2017-02-05 00:00,제주,제주시,27.3,나쁨
1046,2017-02-06 00:00,제주,서귀포시,51.39,보통
2129,2017-02-06 00:00,제주,제주시,43.9,보통
1045,2017-02-07 00:00,제주,서귀포시,57.3,보통
2128,2017-02-07 00:00,제주,제주시,50.06,보통
1044,2017-02-08 00:00,제주,서귀포시,27.51,나쁨
2127,2017-02-08 00:00,제주,제주시,23.14,나쁨
2126,2017-02-09 00:00,제주,제주시,12.3,나쁨
1043,2017-02-09 00:00,제주,서귀포시,15.59,나쁨
2125,2017-02-10 00:00,제주,제주시,6.48,나쁨
1042,2017-02-10 00:00,제주,서귀포시,9.31,나쁨
2124,2017-02-11 00:00,제주,제주시,21.6,나쁨
1041,2017-02-11 00:00,제주,서귀포시,18.73,나쁨
2123,2017-02-12 00:00,제주,제주시,30.98,나쁨
1040,2017-02-12 00:00,제주,서귀포시,51.39,보통
2122,2017-02-13 00:00,제주,제주시,55.76,보통
1039,2017-02-13 00:00,제주,서귀포시,54.22,보통
2121,2017-02-14 00:00,제주,제주시,56.77,보통
1038,2017-02-14 00:00,제주,서귀포시,56.77,보통
1037,2017-02-15 00:00,제주,서귀포시,63.0,좋음
2120,2017-02-15 00:00,제주,제주시,57.3,보통
1036,2017-02-16 00:00,제주,서귀포시,37.85,나쁨
2119,2017-02-16 00:00,제주,제주시,43.55,보통
2118,2017-02-17 00:00,제주,제주시,39.51,나쁨
1035,2017-02-17 00:00,제주,서귀포시,36.31,나쁨
2117,2017-02-18 00:00,제주,제주시,51.39,보통
1034,2017-02-18 00:00,제주,서귀포시,51.39,보통
1033,2017-02-19 00:00,제주,서귀포시,57.09,보통
2116,2017-02-19 00:00,제주,제주시,59.92,보통
1032,2017-02-20 00:00,제주,서귀포시,28.47,나쁨
2115,2017-02-20 00:00,제주,제주시,29.82,나쁨
1031,2017-02-21 00:00,제주,서귀포시,54.22,보통
2114,2017-02-21 00:00,제주,제주시,54.22,보통
2113,2017-02-22 00:00,제주,제주시,25.06,나쁨
1030,2017-02-22 00:00,제주,서귀포시,23.73,나쁨
2112,2017-02-23 00:00,제주,제주시,43.9,보통
1029,2017-02-23 00:00,제주,서귀포시,48.27,보통
1028,2017-02-24 00:00,제주,서귀포시,51.39,보통
2111,2017-02-24 00:00,제주,제주시,51.39,보통
2110,2017-02-25 00:00,제주,제주시,57.09,보통
1027,2017-02-25 00:00,제주,서귀포시,54.22,보통
1026,2017-02-26 00:00,제주,서귀포시,52.89,보통
2109,2017-02-26 00:00,제주,제주시,54.22,보통
1025,2017-02-27 00:00,제주,서귀포시,51.35,보통
2108,2017-02-27 00:00,제주,제주시,52.89,보통
2107,2017-02-28 00:00,제주,제주시,64.54,좋음
1024,2017-02-28 00:00,제주,서귀포시,60.17,좋음
2106,2017-03-01 00:00,제주,제주시,31.27,나쁨
1023,2017-03-01 00:00,제주,서귀포시,25.52,나쁨
1022,2017-03-02 00:00,제주,서귀포시,30.73,나쁨
2105,2017-03-02 00:00,제주,제주시,50.09,보통
1021,2017-03-03 00:00,제주,서귀포시,63.8,좋음
2104,2017-03-03 00:00,제주,제주시,65.31,좋음
1020,2017-03-04 00:00,제주,서귀포시,65.52,좋음
2103,2017-03-04 00:00,제주,제주시,67.03,좋음
2102,2017-03-05 00:00,제주,제주시,52.94,보통
1019,2017-03-05 00:00,제주,서귀포시,52.94,보통
1018,2017-03-06 00:00,제주,서귀포시,54.82,보통
2101,2017-03-06 00:00,제주,제주시,55.87,보통
2100,2017-03-07 00:00,제주,제주시,23.13,나쁨
1017,2017-03-07 00:00,제주,서귀포시,44.8,보통
1016,2017-03-08 00:00,제주,서귀포시,53.31,보통
2099,2017-03-08 00:00,제주,제주시,50.09,보통
1015,2017-03-09 00:00,제주,서귀포시,57.38,보통
2098,2017-03-09 00:00,제주,제주시,60.99,좋음
1014,2017-03-10 00:00,제주,서귀포시,64.01,좋음
2097,2017-03-10 00:00,제주,제주시,65.52,좋음
1013,2017-03-11 00:00,제주,서귀포시,65.52,좋음
2096,2017-03-11 00:00,제주,제주시,65.52,좋음
1012,2017-03-12 00:00,제주,서귀포시,59.74,보통
2095,2017-03-12 00:00,제주,제주시,59.74,보통
1011,2017-03-13 00:00,제주,서귀포시,32.78,나쁨
2094,2017-03-13 00:00,제주,제주시,28.71,나쁨
1010,2017-03-14 00:00,제주,서귀포시,59.94,보통
2093,2017-03-14 00:00,제주,제주시,59.94,보통
1009,2017-03-15 00:00,제주,서귀포시,63.8,좋음
2092,2017-03-15 00:00,제주,제주시,64.85,좋음
2091,2017-03-16 00:00,제주,제주시,57.18,보통
1008,2017-03-16 00:00,제주,서귀포시,57.18,보통
1007,2017-03-17 00:00,제주,서귀포시,67.41,좋음
2090,2017-03-17 00:00,제주,제주시,70.43,좋음
2089,2017-03-18 00:00,제주,제주시,51.43,보통
1006,2017-03-18 00:00,제주,서귀포시,52.94,보통
2088,2017-03-19 00:00,제주,제주시,64.01,좋음
1005,2017-03-19 00:00,제주,서귀포시,64.01,좋음
1004,2017-03-20 00:00,제주,서귀포시,25.6,나쁨
2087,2017-03-20 00:00,제주,제주시,28.96,나쁨
2086,2017-03-21 00:00,제주,제주시,34.0,나쁨
1003,2017-03-21 00:00,제주,서귀포시,54.16,보통
2085,2017-03-22 00:00,제주,제주시,57.18,보통
1002,2017-03-22 00:00,제주,서귀포시,57.18,보통
2084,2017-03-23 00:00,제주,제주시,25.35,나쁨
1001,2017-03-23 00:00,제주,서귀포시,28.54,나쁨
1000,2017-03-24 00:00,제주,서귀포시,52.94,보통
2083,2017-03-24 00:00,제주,제주시,52.94,보통
2082,2017-03-25 00:00,제주,제주시,28.71,나쁨
999,2017-03-25 00:00,제주,서귀포시,30.22,나쁨
2081,2017-03-26 00:00,제주,제주시,30.56,나쁨
998,2017-03-26 00:00,제주,서귀포시,30.56,나쁨
2080,2017-03-27 00:00,제주,제주시,47.36,보통
997,2017-03-27 00:00,제주,서귀포시,37.36,나쁨
996,2017-03-28 00:00,제주,서귀포시,58.23,보통
2079,2017-03-28 00:00,제주,제주시,42.94,보통
995,2017-03-29 00:00,제주,서귀포시,44.7,보통
2078,2017-03-29 00:00,제주,제주시,46.55,보통
994,2017-03-30 00:00,제주,서귀포시,59.74,보통
2077,2017-03-30 00:00,제주,제주시,62.3,좋음
993,2017-03-31 00:00,제주,서귀포시,25.35,나쁨
2076,2017-03-31 00:00,제주,제주시,22.16,나쁨
992,2017-04-01 00:00,제주,서귀포시,59.94,보통
2075,2017-04-01 00:00,제주,제주시,59.94,보통
991,2017-04-02 00:00,제주,서귀포시,67.41,좋음
2074,2017-04-02 00:00,제주,제주시,67.41,좋음
990,2017-04-03 00:00,제주,서귀포시,67.41,좋음
2073,2017-04-03 00:00,제주,제주시,72.53,좋음
989,2017-04-04 00:00,제주,서귀포시,60.79,좋음
2072,2017-04-04 00:00,제주,제주시,68.93,좋음
988,2017-04-05 00:00,제주,서귀포시,28.96,나쁨
2071,2017-04-05 00:00,제주,제주시,41.76,보통
987,2017-04-06 00:00,제주,서귀포시,27.11,나쁨
2070,2017-04-06 00:00,제주,제주시,42.47,보통
986,2017-04-07 00:00,제주,서귀포시,67.42,좋음
2069,2017-04-07 00:00,제주,제주시,69.98,좋음
2068,2017-04-08 00:00,제주,제주시,67.42,좋음
985,2017-04-08 00:00,제주,서귀포시,69.98,좋음
984,2017-04-09 00:00,제주,서귀포시,55.04,보통
2067,2017-04-09 00:00,제주,제주시,55.04,보통
983,2017-04-10 00:00,제주,서귀포시,30.64,나쁨
2066,2017-04-10 00:00,제주,제주시,27.45,나쁨
2065,2017-04-11 00:00,제주,제주시,28.96,나쁨
982,2017-04-11 00:00,제주,서귀포시,30.64,나쁨
981,2017-04-12 00:00,제주,서귀포시,65.06,좋음
2064,2017-04-12 00:00,제주,제주시,66.57,좋음
2063,2017-04-13 00:00,제주,제주시,73.58,좋음
980,2017-04-13 00:00,제주,서귀포시,71.02,좋음
2062,2017-04-14 00:00,제주,제주시,80.42,매우좋음
979,2017-04-14 00:00,제주,서귀포시,67.62,좋음
2061,2017-04-15 00:00,제주,제주시,57.33,보통
978,2017-04-15 00:00,제주,서귀포시,43.02,보통
977,2017-04-16 00:00,제주,서귀포시,55.99,보통
2060,2017-04-16 00:00,제주,제주시,62.62,좋음
976,2017-04-17 00:00,제주,서귀포시,30.72,나쁨
2059,2017-04-17 00:00,제주,제주시,43.52,보통
975,2017-04-18 00:00,제주,서귀포시,61.84,좋음
2058,2017-04-18 00:00,제주,제주시,74.64,좋음
974,2017-04-19 00:00,제주,서귀포시,69.13,좋음
2057,2017-04-19 00:00,제주,제주시,70.64,좋음
2056,2017-04-20 00:00,제주,제주시,62.13,좋음
973,2017-04-20 00:00,제주,서귀포시,55.5,보통
2055,2017-04-21 00:00,제주,제주시,42.77,보통
972,2017-04-21 00:00,제주,서귀포시,57.01,보통
971,2017-04-22 00:00,제주,서귀포시,69.13,좋음
2054,2017-04-22 00:00,제주,제주시,72.15,좋음
2053,2017-04-23 00:00,제주,제주시,75.55,좋음
970,2017-04-23 00:00,제주,서귀포시,71.48,좋음
969,2017-04-24 00:00,제주,서귀포시,69.13,좋음
2052,2017-04-24 00:00,제주,제주시,83.44,매우좋음
968,2017-04-25 00:00,제주,서귀포시,72.54,좋음
2051,2017-04-25 00:00,제주,제주시,79.17,좋음
967,2017-04-26 00:00,제주,서귀포시,34.54,나쁨
2050,2017-04-26 00:00,제주,제주시,32.15,나쁨
2049,2017-04-27 00:00,제주,제주시,60.79,좋음
966,2017-04-27 00:00,제주,서귀포시,61.84,좋음
2048,2017-04-28 00:00,제주,제주시,81.26,매우좋음
965,2017-04-28 00:00,제주,서귀포시,76.14,좋음
964,2017-04-29 00:00,제주,서귀포시,86.38,매우좋음
2047,2017-04-29 00:00,제주,제주시,91.5,매우좋음
2046,2017-04-30 00:00,제주,제주시,92.55,매우좋음
963,2017-04-30 00:00,제주,서귀포시,87.89,매우좋음
962,2017-05-01 00:00,제주,서귀포시,82.98,매우좋음
2045,2017-05-01 00:00,제주,제주시,88.1,매우좋음
961,2017-05-02 00:00,제주,서귀포시,73.59,좋음
2044,2017-05-02 00:00,제주,제주시,78.71,좋음
2043,2017-05-03 00:00,제주,제주시,87.05,매우좋음
960,2017-05-03 00:00,제주,서귀포시,80.42,매우좋음
2042,2017-05-04 00:00,제주,제주시,61.99,좋음
959,2017-05-04 00:00,제주,서귀포시,44.32,보통
958,2017-05-05 00:00,제주,서귀포시,52.8,보통
2041,2017-05-05 00:00,제주,제주시,79.59,좋음
957,2017-05-06 00:00,제주,서귀포시,80.42,매우좋음
2040,2017-05-06 00:00,제주,제주시,70.64,좋음
956,2017-05-07 00:00,제주,서귀포시,80.42,매우좋음
2039,2017-05-07 00:00,제주,제주시,82.98,매우좋음
2038,2017-05-08 00:00,제주,제주시,54.77,보통
955,2017-05-08 00:00,제주,서귀포시,46.63,보통
954,2017-05-09 00:00,제주,서귀포시,30.72,나쁨
2037,2017-05-09 00:00,제주,제주시,41.76,보통
2036,2017-05-10 00:00,제주,제주시,54.48,보통
953,2017-05-10 00:00,제주,서귀포시,51.92,보통
952,2017-05-11 00:00,제주,서귀포시,83.83,매우좋음
2035,2017-05-11 00:00,제주,제주시,81.86,매우좋음
951,2017-05-12 00:00,제주,서귀포시,46.54,보통
2034,2017-05-12 00:00,제주,제주시,47.59,보통
950,2017-05-13 00:00,제주,서귀포시,84.49,매우좋음
2033,2017-05-13 00:00,제주,제주시,89.61,매우좋음
949,2017-05-14 00:00,제주,서귀포시,85.33,매우좋음
2032,2017-05-14 00:00,제주,제주시,82.77,매우좋음
948,2017-05-15 00:00,제주,서귀포시,71.03,좋음
2031,2017-05-15 00:00,제주,제주시,71.03,좋음
947,2017-05-16 00:00,제주,서귀포시,72.08,좋음
2030,2017-05-16 00:00,제주,제주시,72.54,좋음
946,2017-05-17 00:00,제주,서귀포시,85.33,매우좋음
2029,2017-05-17 00:00,제주,제주시,84.28,매우좋음
2028,2017-05-18 00:00,제주,제주시,93.47,매우좋음
945,2017-05-18 00:00,제주,서귀포시,86.84,매우좋음
944,2017-05-19 00:00,제주,서귀포시,89.4,매우좋음
2027,2017-05-19 00:00,제주,제주시,94.52,매우좋음
2026,2017-05-20 00:00,제주,제주시,85.34,매우좋음
943,2017-05-20 00:00,제주,서귀포시,80.22,매우좋음
942,2017-05-21 00:00,제주,서귀포시,80.22,매우좋음
2025,2017-05-21 00:00,제주,제주시,85.34,매우좋음
2024,2017-05-22 00:00,제주,제주시,93.68,매우좋음
941,2017-05-22 00:00,제주,서귀포시,88.56,매우좋음
940,2017-05-23 00:00,제주,서귀포시,58.38,보통
2023,2017-05-23 00:00,제주,제주시,62.45,좋음
2022,2017-05-24 00:00,제주,제주시,80.05,매우좋음
939,2017-05-24 00:00,제주,서귀포시,56.7,보통
938,2017-05-25 00:00,제주,서귀포시,89.61,매우좋음
2021,2017-05-25 00:00,제주,제주시,89.61,매우좋음
2020,2017-05-26 00:00,제주,제주시,78.7,좋음
937,2017-05-26 00:00,제주,서귀포시,81.26,매우좋음
936,2017-05-27 00:00,제주,서귀포시,86.84,매우좋음
2019,2017-05-27 00:00,제주,제주시,88.35,매우좋음
935,2017-05-28 00:00,제주,서귀포시,91.96,매우좋음
2018,2017-05-28 00:00,제주,제주시,98.59,매우좋음
934,2017-05-29 00:00,제주,서귀포시,95.57,매우좋음
2017,2017-05-29 00:00,제주,제주시,95.57,매우좋음
933,2017-05-30 00:00,제주,서귀포시,93.68,매우좋음
2016,2017-05-30 00:00,제주,제주시,95.19,매우좋음
2015,2017-05-31 00:00,제주,제주시,82.61,매우좋음
932,2017-05-31 00:00,제주,서귀포시,77.03,좋음
931,2017-06-01 00:00,제주,서귀포시,87.49,매우좋음
2014,2017-06-01 00:00,제주,제주시,89.16,매우좋음
2013,2017-06-02 00:00,제주,제주시,91.48,매우좋음
930,2017-06-02 00:00,제주,서귀포시,92.35,매우좋음
929,2017-06-03 00:00,제주,서귀포시,90.87,매우좋음
2012,2017-06-03 00:00,제주,제주시,90.0,매우좋음
2011,2017-06-04 00:00,제주,제주시,91.67,매우좋음
928,2017-06-04 00:00,제주,서귀포시,90.0,매우좋음
927,2017-06-05 00:00,제주,서귀포시,84.95,매우좋음
2010,2017-06-05 00:00,제주,제주시,87.49,매우좋음
2009,2017-06-06 00:00,제주,제주시,49.16,보통
926,2017-06-06 00:00,제주,서귀포시,50.83,보통
2008,2017-06-07 00:00,제주,제주시,57.95,보통
925,2017-06-07 00:00,제주,서귀포시,55.41,보통
2007,2017-06-08 00:00,제주,제주시,94.89,매우좋음
924,2017-06-08 00:00,제주,서귀포시,90.68,매우좋음
923,2017-06-09 00:00,제주,서귀포시,84.95,매우좋음
2006,2017-06-09 00:00,제주,제주시,87.49,매우좋음
922,2017-06-10 00:00,제주,서귀포시,61.29,좋음
2005,2017-06-10 00:00,제주,제주시,61.29,좋음
921,2017-06-11 00:00,제주,서귀포시,71.36,좋음
2004,2017-06-11 00:00,제주,제주시,71.36,좋음
2003,2017-06-12 00:00,제주,제주시,87.49,매우좋음
920,2017-06-12 00:00,제주,서귀포시,84.95,매우좋음
919,2017-06-13 00:00,제주,서귀포시,82.41,매우좋음
2002,2017-06-13 00:00,제주,제주시,87.49,매우좋음
2001,2017-06-14 00:00,제주,제주시,92.54,매우좋음
918,2017-06-14 00:00,제주,서귀포시,88.33,매우좋음
917,2017-06-15 00:00,제주,서귀포시,93.41,매우좋음
2000,2017-06-15 00:00,제주,제주시,95.08,매우좋음
916,2017-06-16 00:00,제주,서귀포시,95.08,매우좋음
1999,2017-06-16 00:00,제주,제주시,95.08,매우좋음
915,2017-06-17 00:00,제주,서귀포시,93.41,매우좋음
1998,2017-06-17 00:00,제주,제주시,93.41,매우좋음
914,2017-06-18 00:00,제주,서귀포시,96.56,매우좋음
1997,2017-06-18 00:00,제주,제주시,96.56,매우좋음
913,2017-06-19 00:00,제주,서귀포시,95.08,매우좋음
1996,2017-06-19 00:00,제주,제주시,95.08,매우좋음
912,2017-06-20 00:00,제주,서귀포시,54.39,보통
1995,2017-06-20 00:00,제주,제주시,57.73,보통
911,2017-06-21 00:00,제주,서귀포시,89.16,매우좋음
1994,2017-06-21 00:00,제주,제주시,89.16,매우좋음
910,2017-06-22 00:00,제주,서귀포시,90.83,매우좋음
1993,2017-06-22 00:00,제주,제주시,89.16,매우좋음
909,2017-06-23 00:00,제주,서귀포시,90.83,매우좋음
1992,2017-06-23 00:00,제주,제주시,89.16,매우좋음
908,2017-06-24 00:00,제주,서귀포시,61.18,좋음
1991,2017-06-24 00:00,제주,제주시,61.29,좋음
907,2017-06-25 00:00,제주,서귀포시,82.65,매우좋음
1990,2017-06-25 00:00,제주,제주시,82.65,매우좋음
1989,2017-06-26 00:00,제주,제주시,61.29,좋음
906,2017-06-26 00:00,제주,서귀포시,61.18,좋음
1988,2017-06-27 00:00,제주,제주시,80.13,매우좋음
905,2017-06-27 00:00,제주,서귀포시,84.32,매우좋음
1987,2017-06-28 00:00,제주,제주시,64.85,좋음
904,2017-06-28 00:00,제주,서귀포시,66.52,좋음
1986,2017-06-29 00:00,제주,제주시,54.17,보통
903,2017-06-29 00:00,제주,서귀포시,52.5,보통
1985,2017-06-30 00:00,제주,제주시,56.99,보통
902,2017-06-30 00:00,제주,서귀포시,59.51,보통
1984,2017-07-01 00:00,제주,제주시,66.44,좋음
901,2017-07-01 00:00,제주,서귀포시,87.49,매우좋음
1983,2017-07-02 00:00,제주,제주시,62.21,좋음
900,2017-07-02 00:00,제주,서귀포시,85.82,매우좋음
1982,2017-07-03 00:00,제주,제주시,39.18,나쁨
899,2017-07-03 00:00,제주,서귀포시,64.35,좋음
1981,2017-07-04 00:00,제주,제주시,48.14,보통
898,2017-07-04 00:00,제주,서귀포시,48.5,보통
1980,2017-07-05 00:00,제주,제주시,30.92,나쁨
897,2017-07-05 00:00,제주,서귀포시,81.6,매우좋음
1979,2017-07-06 00:00,제주,제주시,48.32,보통
896,2017-07-06 00:00,제주,서귀포시,59.94,보통
1978,2017-07-07 00:00,제주,제주시,51.24,보통
895,2017-07-07 00:00,제주,서귀포시,87.49,매우좋음
1977,2017-07-08 00:00,제주,제주시,46.18,보통
894,2017-07-08 00:00,제주,서귀포시,84.97,매우좋음
893,2017-07-09 00:00,제주,서귀포시,52.8,보통
1976,2017-07-09 00:00,제주,제주시,42.21,보통
892,2017-07-10 00:00,제주,서귀포시,80.78,매우좋음
1975,2017-07-10 00:00,제주,제주시,45.38,보통
891,2017-07-11 00:00,제주,서귀포시,55.84,보통
1974,2017-07-11 00:00,제주,제주시,39.01,나쁨
890,2017-07-12 00:00,제주,서귀포시,81.63,매우좋음
1973,2017-07-12 00:00,제주,제주시,74.88,좋음
889,2017-07-13 00:00,제주,서귀포시,68.11,좋음
1972,2017-07-13 00:00,제주,제주시,71.48,좋음
888,2017-07-14 00:00,제주,서귀포시,65.57,좋음
1971,2017-07-14 00:00,제주,제주시,61.36,좋음
887,2017-07-15 00:00,제주,서귀포시,76.54,좋음
1970,2017-07-15 00:00,제주,제주시,46.18,보통
886,2017-07-16 00:00,제주,서귀포시,67.29,좋음
1969,2017-07-16 00:00,제주,제주시,47.05,보통
885,2017-07-17 00:00,제주,서귀포시,66.42,좋음
1968,2017-07-17 00:00,제주,제주시,34.39,나쁨
884,2017-07-18 00:00,제주,서귀포시,54.53,보통
1967,2017-07-18 00:00,제주,제주시,47.03,보통
883,2017-07-19 00:00,제주,서귀포시,51.26,보통
1966,2017-07-19 00:00,제주,제주시,46.18,보통
882,2017-07-20 00:00,제주,서귀포시,48.72,보통
1965,2017-07-20 00:00,제주,제주시,43.64,보통
881,2017-07-21 00:00,제주,서귀포시,41.14,보통
1964,2017-07-21 00:00,제주,제주시,41.1,보통
880,2017-07-22 00:00,제주,서귀포시,56.32,보통
1963,2017-07-22 00:00,제주,제주시,33.52,나쁨
1962,2017-07-23 00:00,제주,제주시,33.52,나쁨
879,2017-07-23 00:00,제주,서귀포시,46.18,보통
1961,2017-07-24 00:00,제주,제주시,41.1,보통
878,2017-07-24 00:00,제주,서귀포시,46.18,보통
1960,2017-07-25 00:00,제주,제주시,38.56,나쁨
877,2017-07-25 00:00,제주,서귀포시,43.64,보통
876,2017-07-26 00:00,제주,서귀포시,58.24,보통
1959,2017-07-26 00:00,제주,제주시,30.89,나쁨
875,2017-07-27 00:00,제주,서귀포시,64.75,좋음
1958,2017-07-27 00:00,제주,제주시,54.65,보통
1957,2017-07-28 00:00,제주,제주시,51.26,보통
874,2017-07-28 00:00,제주,서귀포시,55.47,보통
1956,2017-07-29 00:00,제주,제주시,46.18,보통
873,2017-07-29 00:00,제주,서귀포시,60.51,좋음
1955,2017-07-30 00:00,제주,제주시,52.1,보통
872,2017-07-30 00:00,제주,서귀포시,41.73,보통
1954,2017-07-31 00:00,제주,제주시,8.65,나쁨
871,2017-07-31 00:00,제주,서귀포시,17.12,나쁨
1953,2017-08-01 00:00,제주,제주시,7.69,나쁨
870,2017-08-01 00:00,제주,서귀포시,22.87,나쁨
1952,2017-08-02 00:00,제주,제주시,44.51,보통
869,2017-08-02 00:00,제주,서귀포시,50.46,보통
868,2017-08-03 00:00,제주,서귀포시,66.48,좋음
1951,2017-08-03 00:00,제주,제주시,58.01,보통
1950,2017-08-04 00:00,제주,제주시,47.89,보통
867,2017-08-04 00:00,제주,서귀포시,50.43,보통
1949,2017-08-05 00:00,제주,제주시,36.89,나쁨
866,2017-08-05 00:00,제주,서귀포시,36.93,나쁨
1948,2017-08-06 00:00,제주,제주시,35.22,나쁨
865,2017-08-06 00:00,제주,서귀포시,44.51,보통
864,2017-08-07 00:00,제주,서귀포시,47.05,보통
1947,2017-08-07 00:00,제주,제주시,36.89,나쁨
1946,2017-08-08 00:00,제주,제주시,18.01,나쁨
863,2017-08-08 00:00,제주,서귀포시,27.22,나쁨
862,2017-08-09 00:00,제주,서귀포시,28.37,나쁨
1945,2017-08-09 00:00,제주,제주시,13.17,나쁨
861,2017-08-10 00:00,제주,서귀포시,71.48,좋음
1944,2017-08-10 00:00,제주,제주시,56.3,보통
860,2017-08-11 00:00,제주,서귀포시,79.94,좋음
1943,2017-08-11 00:00,제주,제주시,57.18,보통
859,2017-08-12 00:00,제주,서귀포시,72.37,좋음
1942,2017-08-12 00:00,제주,제주시,57.17,보통
858,2017-08-13 00:00,제주,서귀포시,50.09,보통
1941,2017-08-13 00:00,제주,제주시,38.47,나쁨
857,2017-08-14 00:00,제주,서귀포시,35.69,나쁨
1940,2017-08-14 00:00,제주,제주시,12.91,나쁨
1939,2017-08-15 00:00,제주,제주시,38.0,나쁨
856,2017-08-15 00:00,제주,서귀포시,37.64,나쁨
855,2017-08-16 00:00,제주,서귀포시,67.31,좋음
1938,2017-08-16 00:00,제주,제주시,34.01,나쁨
854,2017-08-17 00:00,제주,서귀포시,39.05,나쁨
1937,2017-08-17 00:00,제주,제주시,32.56,나쁨
1936,2017-08-18 00:00,제주,제주시,77.4,좋음
853,2017-08-18 00:00,제주,서귀포시,84.15,매우좋음
852,2017-08-19 00:00,제주,서귀포시,55.2,보통
1935,2017-08-19 00:00,제주,제주시,61.36,좋음
1934,2017-08-20 00:00,제주,제주시,23.07,나쁨
851,2017-08-20 00:00,제주,서귀포시,44.09,보통
850,2017-08-21 00:00,제주,서귀포시,41.55,보통
1933,2017-08-21 00:00,제주,제주시,13.73,나쁨
849,2017-08-22 00:00,제주,서귀포시,29.76,나쁨
1932,2017-08-22 00:00,제주,제주시,13.99,나쁨
848,2017-08-23 00:00,제주,서귀포시,51.24,보통
1931,2017-08-23 00:00,제주,제주시,33.52,나쁨
1930,2017-08-24 00:00,제주,제주시,37.77,나쁨
847,2017-08-24 00:00,제주,서귀포시,19.92,나쁨
1929,2017-08-25 00:00,제주,제주시,6.98,나쁨
846,2017-08-25 00:00,제주,서귀포시,31.43,나쁨
845,2017-08-26 00:00,제주,서귀포시,84.12,매우좋음
1928,2017-08-26 00:00,제주,제주시,71.48,좋음
1927,2017-08-27 00:00,제주,제주시,88.37,매우좋음
844,2017-08-27 00:00,제주,서귀포시,92.56,매우좋음
843,2017-08-28 00:00,제주,서귀포시,87.52,매우좋음
1926,2017-08-28 00:00,제주,제주시,77.4,좋음
1925,2017-08-29 00:00,제주,제주시,51.82,보통
842,2017-08-29 00:00,제주,서귀포시,55.2,보통
841,2017-08-30 00:00,제주,서귀포시,94.23,매우좋음
1924,2017-08-30 00:00,제주,제주시,93.41,매우좋음
840,2017-08-31 00:00,제주,서귀포시,86.64,매우좋음
1923,2017-08-31 00:00,제주,제주시,82.45,매우좋음
839,2017-09-01 00:00,제주,서귀포시,84.51,매우좋음
1922,2017-09-01 00:00,제주,제주시,79.77,좋음
1921,2017-09-02 00:00,제주,제주시,84.51,매우좋음
838,2017-09-02 00:00,제주,서귀포시,84.51,매우좋음
1920,2017-09-03 00:00,제주,제주시,86.2,매우좋음
837,2017-09-03 00:00,제주,서귀포시,84.51,매우좋음
836,2017-09-04 00:00,제주,서귀포시,61.22,좋음
1919,2017-09-04 00:00,제주,제주시,58.17,보통
1918,2017-09-05 00:00,제주,제주시,59.42,보통
835,2017-09-05 00:00,제주,서귀포시,49.39,보통
834,2017-09-06 00:00,제주,서귀포시,45.79,보통
1917,2017-09-06 00:00,제주,제주시,23.29,나쁨
833,2017-09-07 00:00,제주,서귀포시,50.99,보통
1916,2017-09-07 00:00,제주,제주시,49.3,보통
1915,2017-09-08 00:00,제주,제주시,92.96,매우좋음
832,2017-09-08 00:00,제주,서귀포시,92.96,매우좋음
1914,2017-09-09 00:00,제주,제주시,90.59,매우좋음
831,2017-09-09 00:00,제주,서귀포시,94.65,매우좋음
830,2017-09-10 00:00,제주,서귀포시,61.11,좋음
1913,2017-09-10 00:00,제주,제주시,61.09,좋음
829,2017-09-11 00:00,제주,서귀포시,45.24,보통
1912,2017-09-11 00:00,제주,제주시,31.04,나쁨
828,2017-09-12 00:00,제주,서귀포시,91.27,매우좋음
1911,2017-09-12 00:00,제주,제주시,91.27,매우좋음
1910,2017-09-13 00:00,제주,제주시,90.59,매우좋음
827,2017-09-13 00:00,제주,서귀포시,92.96,매우좋음
826,2017-09-14 00:00,제주,서귀포시,49.41,보통
1909,2017-09-14 00:00,제주,제주시,54.7,보통
825,2017-09-15 00:00,제주,서귀포시,37.47,나쁨
1908,2017-09-15 00:00,제주,제주시,42.87,보통
824,2017-09-16 00:00,제주,서귀포시,40.85,보통
1907,2017-09-16 00:00,제주,제주시,40.85,보통
1906,2017-09-17 00:00,제주,제주시,59.53,보통
823,2017-09-17 00:00,제주,서귀포시,81.13,매우좋음
1905,2017-09-18 00:00,제주,제주시,92.96,매우좋음
822,2017-09-18 00:00,제주,서귀포시,91.27,매우좋음
1904,2017-09-19 00:00,제주,제주시,81.46,매우좋음
821,2017-09-19 00:00,제주,서귀포시,84.51,매우좋음
1903,2017-09-20 00:00,제주,제주시,78.1,좋음
820,2017-09-20 00:00,제주,서귀포시,79.79,좋음
819,2017-09-21 00:00,제주,서귀포시,81.48,매우좋음
1902,2017-09-21 00:00,제주,제주시,79.79,좋음
1901,2017-09-22 00:00,제주,제주시,81.48,매우좋음
818,2017-09-22 00:00,제주,서귀포시,79.79,좋음
817,2017-09-23 00:00,제주,서귀포시,83.17,매우좋음
1900,2017-09-23 00:00,제주,제주시,81.48,매우좋음
1899,2017-09-24 00:00,제주,제주시,86.2,매우좋음
816,2017-09-24 00:00,제주,서귀포시,86.2,매우좋음
815,2017-09-25 00:00,제주,서귀포시,76.41,좋음
1898,2017-09-25 00:00,제주,제주시,79.79,좋음
1897,2017-09-26 00:00,제주,제주시,56.5,보통
814,2017-09-26 00:00,제주,서귀포시,49.41,보통
1896,2017-09-27 00:00,제주,제주시,57.73,보통
813,2017-09-27 00:00,제주,서귀포시,58.41,보통
1895,2017-09-28 00:00,제주,제주시,82.82,매우좋음
812,2017-09-28 00:00,제주,서귀포시,86.2,매우좋음
1894,2017-09-29 00:00,제주,제주시,90.61,매우좋음
811,2017-09-29 00:00,제주,서귀포시,85.91,매우좋음
810,2017-09-30 00:00,제주,서귀포시,88.92,매우좋음
1893,2017-09-30 00:00,제주,제주시,92.96,매우좋음
809,2017-10-01 00:00,제주,서귀포시,47.61,보통
1892,2017-10-01 00:00,제주,제주시,47.61,보통
808,2017-10-02 00:00,제주,서귀포시,45.92,보통
1891,2017-10-02 00:00,제주,제주시,47.61,보통
807,2017-10-03 00:00,제주,서귀포시,84.51,매우좋음
1890,2017-10-03 00:00,제주,제주시,84.51,매우좋음
806,2017-10-04 00:00,제주,서귀포시,74.06,좋음
1889,2017-10-04 00:00,제주,제주시,56.5,보통
805,2017-10-05 00:00,제주,서귀포시,42.89,보통
1888,2017-10-05 00:00,제주,제주시,49.3,보통
804,2017-10-06 00:00,제주,서귀포시,49.3,보통
1887,2017-10-06 00:00,제주,제주시,51.1,보통
803,2017-10-07 00:00,제주,서귀포시,91.27,매우좋음
1886,2017-10-07 00:00,제주,제주시,92.96,매우좋음
802,2017-10-08 00:00,제주,서귀포시,91.27,매우좋음
1885,2017-10-08 00:00,제주,제주시,92.96,매우좋음
801,2017-10-09 00:00,제주,서귀포시,96.52,매우좋음
1884,2017-10-09 00:00,제주,제주시,96.52,매우좋음
800,2017-10-10 00:00,제주,서귀포시,94.65,매우좋음
1883,2017-10-10 00:00,제주,제주시,94.65,매우좋음
799,2017-10-11 00:00,제주,서귀포시,79.79,좋음
1882,2017-10-11 00:00,제주,제주시,78.1,좋음
1881,2017-10-12 00:00,제주,제주시,44.6,보통
798,2017-10-12 00:00,제주,서귀포시,75.09,좋음
1880,2017-10-13 00:00,제주,제주시,77.13,좋음
797,2017-10-13 00:00,제주,서귀포시,81.19,매우좋음
1879,2017-10-14 00:00,제주,제주시,66.31,좋음
796,2017-10-14 00:00,제주,서귀포시,61.59,좋음
1878,2017-10-15 00:00,제주,제주시,39.99,나쁨
795,2017-10-15 00:00,제주,서귀포시,38.19,나쁨
1877,2017-10-16 00:00,제주,제주시,37.62,나쁨
794,2017-10-16 00:00,제주,서귀포시,43.57,보통
1876,2017-10-17 00:00,제주,제주시,51.34,보통
793,2017-10-17 00:00,제주,서귀포시,64.62,좋음
1875,2017-10-18 00:00,제주,제주시,69.34,좋음
792,2017-10-18 00:00,제주,서귀포시,64.62,좋음
791,2017-10-19 00:00,제주,서귀포시,66.99,좋음
1874,2017-10-19 00:00,제주,제주시,69.34,좋음
790,2017-10-31 00:00,제주,서귀포시,74.61,좋음
1873,2017-10-31 00:00,제주,제주시,75.29,좋음
789,2017-11-01 00:00,제주,서귀포시,74.1,좋음
1872,2017-11-01 00:00,제주,제주시,71.73,좋음
788,2017-11-02 00:00,제주,서귀포시,67.34,좋음
1871,2017-11-02 00:00,제주,제주시,74.43,좋음
1870,2017-11-03 00:00,제주,제주시,47.08,보통
787,2017-11-03 00:00,제주,서귀포시,66.33,좋음
786,2017-11-04 00:00,제주,서귀포시,56.87,보통
1869,2017-11-04 00:00,제주,제주시,57.53,보통
785,2017-11-05 00:00,제주,서귀포시,72.26,좋음
1868,2017-11-05 00:00,제주,제주시,75.29,좋음
784,2017-11-06 00:00,제주,서귀포시,71.73,좋음
1867,2017-11-06 00:00,제주,제주시,74.1,좋음
783,2017-11-07 00:00,제주,서귀포시,51.01,보통
1866,2017-11-07 00:00,제주,제주시,54.04,보통
1865,2017-11-08 00:00,제주,제주시,44.71,보통
782,2017-11-08 00:00,제주,서귀포시,48.77,보통
1864,2017-11-09 00:00,제주,제주시,71.23,좋음
781,2017-11-09 00:00,제주,서귀포시,73.6,좋음
780,2017-11-11 00:00,제주,서귀포시,58.56,보통
1863,2017-11-11 00:00,제주,제주시,59.22,보통
779,2017-11-12 00:00,제주,서귀포시,67.01,좋음
1862,2017-11-12 00:00,제주,제주시,71.73,좋음
778,2017-11-13 00:00,제주,서귀포시,63.28,좋음
1861,2017-11-13 00:00,제주,제주시,60.91,좋음
1860,2017-11-14 00:00,제주,제주시,63.28,좋음
777,2017-11-14 00:00,제주,서귀포시,62.6,좋음
1859,2017-11-15 00:00,제주,제주시,59.22,보통
776,2017-11-15 00:00,제주,서귀포시,58.56,보통
775,2017-11-16 00:00,제주,서귀포시,65.32,좋음
1858,2017-11-16 00:00,제주,제주시,63.63,좋음
1857,2017-11-17 00:00,제주,제주시,30.99,나쁨
774,2017-11-17 00:00,제주,서귀포시,25.7,나쁨
773,2017-11-18 00:00,제주,서귀포시,28.51,나쁨
1856,2017-11-18 00:00,제주,제주시,28.51,나쁨
772,2017-11-19 00:00,제주,서귀포시,52.15,보통
1855,2017-11-19 00:00,제주,제주시,47.74,보통
1854,2017-11-20 00:00,제주,제주시,28.75,나쁨
771,2017-11-20 00:00,제주,서귀포시,26.38,나쁨
770,2017-11-21 00:00,제주,서귀포시,57.88,보통
1853,2017-11-21 00:00,제주,제주시,60.25,좋음
769,2017-11-22 00:00,제주,서귀포시,30.44,나쁨
1852,2017-11-22 00:00,제주,제주시,31.1,나쁨
1851,2017-11-23 00:00,제주,제주시,36.5,나쁨
768,2017-11-23 00:00,제주,서귀포시,54.5,보통
1850,2017-11-24 00:00,제주,제주시,56.87,보통
767,2017-11-24 00:00,제주,서귀포시,36.5,나쁨
766,2017-11-25 00:00,제주,서귀포시,58.56,보통
1849,2017-11-25 00:00,제주,제주시,60.25,좋음
765,2017-11-26 00:00,제주,서귀포시,42.91,보통
1848,2017-11-26 00:00,제주,제주시,41.22,보통
1847,2017-11-27 00:00,제주,제주시,67.01,좋음
764,2017-11-27 00:00,제주,서귀포시,68.7,좋음
1846,2017-11-28 00:00,제주,제주시,43.37,보통
763,2017-11-28 00:00,제주,서귀포시,45.06,보통
1845,2017-11-29 00:00,제주,제주시,32.9,나쁨
762,2017-11-29 00:00,제주,서귀포시,32.9,나쁨
761,2017-11-30 00:00,제주,서귀포시,58.56,보통
1844,2017-11-30 00:00,제주,제주시,54.5,보통
1843,2017-12-01 00:00,제주,제주시,51.35,보통
760,2017-12-01 00:00,제주,서귀포시,50.06,보통
759,2017-12-02 00:00,제주,서귀포시,57.3,보통
1842,2017-12-02 00:00,제주,제주시,60.17,좋음
1841,2017-12-03 00:00,제주,제주시,60.13,좋음
758,2017-12-03 00:00,제주,서귀포시,58.59,보통
757,2017-12-04 00:00,제주,서귀포시,48.04,보통
1840,2017-12-04 00:00,제주,제주시,31.67,나쁨
1839,2017-12-05 00:00,제주,제주시,24.64,나쁨
756,2017-12-05 00:00,제주,서귀포시,26.18,나쁨
755,2017-12-06 00:00,제주,서귀포시,52.89,보통
1838,2017-12-06 00:00,제주,제주시,39.76,나쁨
754,2017-12-07 00:00,제주,서귀포시,54.22,보통
1837,2017-12-07 00:00,제주,제주시,55.51,보통
753,2017-12-08 00:00,제주,서귀포시,26.18,나쁨
1836,2017-12-08 00:00,제주,제주시,20.0,나쁨
752,2017-12-09 00:00,제주,서귀포시,51.35,보통
1835,2017-12-09 00:00,제주,제주시,54.22,보통
751,2017-12-10 00:00,제주,서귀포시,31.67,나쁨
1834,2017-12-10 00:00,제주,제주시,30.07,나쁨
750,2017-12-11 00:00,제주,서귀포시,24.8,나쁨
1833,2017-12-11 00:00,제주,제주시,18.21,나쁨
1832,2017-12-12 00:00,제주,제주시,19.94,나쁨
749,2017-12-12 00:00,제주,서귀포시,42.34,보통
1831,2017-12-13 00:00,제주,제주시,30.98,나쁨
748,2017-12-13 00:00,제주,서귀포시,48.52,보통
747,2017-12-14 00:00,제주,서귀포시,57.3,보통
1830,2017-12-14 00:00,제주,제주시,57.3,보통
746,2017-12-15 00:00,제주,서귀포시,52.89,보통
1829,2017-12-15 00:00,제주,제주시,52.89,보통
1828,2017-12-16 00:00,제주,제주시,22.89,나쁨
745,2017-12-16 00:00,제주,서귀포시,45.17,보통
1827,2017-12-17 00:00,제주,제주시,23.14,나쁨
744,2017-12-17 00:00,제주,서귀포시,23.14,나쁨
743,2017-12-18 00:00,제주,서귀포시,48.52,보통
1826,2017-12-18 00:00,제주,제주시,35.35,나쁨
1825,2017-12-19 00:00,제주,제주시,33.81,나쁨
742,2017-12-19 00:00,제주,서귀포시,33.81,나쁨
1824,2017-12-20 00:00,제주,제주시,32.15,나쁨
741,2017-12-20 00:00,제주,서귀포시,30.86,나쁨
1823,2017-12-21 00:00,제주,제주시,55.76,보통
740,2017-12-21 00:00,제주,서귀포시,52.89,보통
739,2017-12-22 00:00,제주,서귀포시,60.17,좋음
1822,2017-12-22 00:00,제주,제주시,63.0,좋음
738,2017-12-23 00:00,제주,서귀포시,60.13,좋음
1821,2017-12-23 00:00,제주,제주시,60.13,좋음
737,2017-12-24 00:00,제주,서귀포시,25.27,나쁨
1820,2017-12-24 00:00,제주,제주시,31.34,나쁨
736,2017-12-25 00:00,제주,서귀포시,46.98,보통
1819,2017-12-25 00:00,제주,제주시,49.81,보통
735,2017-12-26 00:00,제주,서귀포시,49.81,보통
1818,2017-12-26 00:00,제주,제주시,36.68,나쁨
734,2017-12-27 00:00,제주,서귀포시,52.93,보통
1817,2017-12-27 00:00,제주,제주시,51.39,보통
1816,2017-12-28 00:00,제주,제주시,50.06,보통
733,2017-12-28 00:00,제주,서귀포시,51.35,보통
732,2017-12-29 00:00,제주,서귀포시,60.17,좋음
1815,2017-12-29 00:00,제주,제주시,60.17,좋음
1814,2017-12-30 00:00,제주,제주시,30.38,나쁨
731,2017-12-30 00:00,제주,서귀포시,31.92,나쁨
730,2017-12-31 00:00,제주,서귀포시,49.81,보통
1813,2017-12-31 00:00,제주,제주시,31.94,나쁨
1812,2018-01-01 00:00,제주,제주시,33.81,나쁨
729,2018-01-01 00:00,제주,서귀포시,52.89,보통
1811,2018-01-02 00:00,제주,제주시,57.3,보통
728,2018-01-02 00:00,제주,서귀포시,57.3,보통
1810,2018-01-03 00:00,제주,제주시,48.52,보통
727,2018-01-03 00:00,제주,서귀포시,48.52,보통
1809,2018-01-04 00:00,제주,제주시,29.42,나쁨
726,2018-01-04 00:00,제주,서귀포시,30.71,나쁨
725,2018-01-05 00:00,제주,서귀포시,23.08,나쁨
1808,2018-01-05 00:00,제주,제주시,21.54,나쁨
724,2018-01-06 00:00,제주,서귀포시,51.35,보통
1807,2018-01-06 00:00,제주,제주시,51.35,보통
723,2018-01-07 00:00,제주,서귀포시,27.18,나쁨
1806,2018-01-07 00:00,제주,제주시,28.78,나쁨
722,2018-01-08 00:00,제주,서귀포시,31.67,나쁨
1805,2018-01-08 00:00,제주,제주시,28.84,나쁨
721,2018-01-09 00:00,제주,서귀포시,26.24,나쁨
1804,2018-01-09 00:00,제주,제주시,27.9,나쁨
720,2018-01-10 00:00,제주,서귀포시,15.53,나쁨
1803,2018-01-10 00:00,제주,제주시,16.86,나쁨
719,2018-01-11 00:00,제주,서귀포시,12.64,나쁨
1802,2018-01-11 00:00,제주,제주시,11.1,나쁨
1801,2018-01-12 00:00,제주,제주시,15.84,나쁨
718,2018-01-12 00:00,제주,서귀포시,15.84,나쁨
717,2018-01-13 00:00,제주,서귀포시,48.52,보통
1800,2018-01-13 00:00,제주,제주시,48.52,보통
716,2018-01-14 00:00,제주,서귀포시,52.89,보통
1799,2018-01-14 00:00,제주,제주시,57.3,보통
1798,2018-01-15 00:00,제주,제주시,61.46,좋음
715,2018-01-15 00:00,제주,서귀포시,63.0,좋음
714,2018-01-16 00:00,제주,서귀포시,29.68,나쁨
1797,2018-01-16 00:00,제주,제주시,34.05,나쁨
713,2018-01-17 00:00,제주,서귀포시,31.92,나쁨
1796,2018-01-17 00:00,제주,제주시,30.38,나쁨
712,2018-01-18 00:00,제주,서귀포시,55.76,보통
1795,2018-01-18 00:00,제주,제주시,54.22,보통
711,2018-01-19 00:00,제주,서귀포시,55.76,보통
1794,2018-01-19 00:00,제주,제주시,60.17,좋음
710,2018-01-20 00:00,제주,서귀포시,57.3,보통
1793,2018-01-20 00:00,제주,제주시,57.3,보통
1792,2018-01-21 00:00,제주,제주시,55.76,보통
709,2018-01-21 00:00,제주,서귀포시,51.35,보통
708,2018-01-22 00:00,제주,서귀포시,27.24,나쁨
1791,2018-01-22 00:00,제주,제주시,27.24,나쁨
1790,2018-01-23 00:00,제주,제주시,45.44,보통
707,2018-01-23 00:00,제주,서귀포시,44.11,보통
1789,2018-01-24 00:00,제주,제주시,14.3,나쁨
706,2018-01-24 00:00,제주,서귀포시,25.28,나쁨
1788,2018-01-25 00:00,제주,제주시,20.64,나쁨
705,2018-01-25 00:00,제주,서귀포시,36.64,나쁨
1787,2018-01-26 00:00,제주,제주시,22.08,나쁨
704,2018-01-26 00:00,제주,서귀포시,41.28,보통
1786,2018-01-27 00:00,제주,제주시,48.73,보통
703,2018-01-27 00:00,제주,서귀포시,47.19,보통
1785,2018-01-28 00:00,제주,제주시,23.14,나쁨
702,2018-01-28 00:00,제주,서귀포시,23.14,나쁨
1784,2018-01-29 00:00,제주,제주시,24.8,나쁨
701,2018-01-29 00:00,제주,서귀포시,36.64,나쁨
1783,2018-01-30 00:00,제주,제주시,24.68,나쁨
700,2018-01-30 00:00,제주,서귀포시,29.65,나쁨
1782,2018-01-31 00:00,제주,제주시,43.88,보통
699,2018-01-31 00:00,제주,서귀포시,26.22,나쁨
1781,2018-02-01 00:00,제주,제주시,32.52,나쁨
698,2018-02-01 00:00,제주,서귀포시,50.06,보통
1780,2018-02-02 00:00,제주,제주시,48.52,보통
697,2018-02-02 00:00,제주,서귀포시,48.52,보통
1779,2018-02-03 00:00,제주,제주시,17.13,나쁨
696,2018-02-03 00:00,제주,서귀포시,20.27,나쁨
1778,2018-02-04 00:00,제주,제주시,6.48,나쁨
695,2018-02-04 00:00,제주,서귀포시,17.44,나쁨
1777,2018-02-05 00:00,제주,제주시,12.64,나쁨
694,2018-02-05 00:00,제주,서귀포시,17.44,나쁨
1776,2018-02-06 00:00,제주,제주시,12.7,나쁨
693,2018-02-06 00:00,제주,서귀포시,17.44,나쁨
1775,2018-02-07 00:00,제주,제주시,20.27,나쁨
692,2018-02-07 00:00,제주,서귀포시,18.98,나쁨
691,2018-02-08 00:00,제주,서귀포시,26.16,나쁨
1774,2018-02-08 00:00,제주,제주시,24.62,나쁨
690,2018-02-09 00:00,제주,서귀포시,57.3,보통
1773,2018-02-09 00:00,제주,제주시,57.3,보통
689,2018-02-10 00:00,제주,서귀포시,21.48,나쁨
1772,2018-02-10 00:00,제주,제주시,24.37,나쁨
688,2018-02-11 00:00,제주,서귀포시,14.11,나쁨
1771,2018-02-11 00:00,제주,제주시,13.9,나쁨
1770,2018-02-12 00:00,제주,제주시,13.9,나쁨
687,2018-02-12 00:00,제주,서귀포시,14.36,나쁨
1769,2018-02-13 00:00,제주,제주시,46.98,보통
686,2018-02-13 00:00,제주,서귀포시,48.52,보통
685,2018-02-14 00:00,제주,서귀포시,57.09,보통
1768,2018-02-14 00:00,제주,제주시,53.76,보통
1767,2018-02-15 00:00,제주,제주시,35.12,나쁨
684,2018-02-15 00:00,제주,서귀포시,35.12,나쁨
1766,2018-02-16 00:00,제주,제주시,46.71,보통
683,2018-02-16 00:00,제주,서귀포시,49.58,보통
1765,2018-02-17 00:00,제주,제주시,51.39,보통
682,2018-02-17 00:00,제주,서귀포시,52.93,보통
1764,2018-02-18 00:00,제주,제주시,54.43,보통
681,2018-02-18 00:00,제주,서귀포시,52.89,보통
680,2018-02-19 00:00,제주,서귀포시,25.91,나쁨
1763,2018-02-19 00:00,제주,제주시,30.32,나쁨
679,2018-02-20 00:00,제주,서귀포시,52.89,보통
1762,2018-02-20 00:00,제주,제주시,55.76,보통
1761,2018-02-21 00:00,제주,제주시,48.52,보통
678,2018-02-21 00:00,제주,서귀포시,52.89,보통
1760,2018-02-22 00:00,제주,제주시,50.06,보통
677,2018-02-22 00:00,제주,서귀포시,50.06,보통
1759,2018-02-23 00:00,제주,제주시,61.46,좋음
676,2018-02-23 00:00,제주,서귀포시,55.76,보통
1758,2018-02-24 00:00,제주,제주시,55.76,보통
675,2018-02-24 00:00,제주,서귀포시,55.76,보통
674,2018-02-25 00:00,제주,서귀포시,55.76,보통
1757,2018-02-25 00:00,제주,제주시,55.76,보통
673,2018-02-26 00:00,제주,서귀포시,62.72,좋음
1756,2018-02-26 00:00,제주,제주시,62.72,좋음
1755,2018-02-27 00:00,제주,제주시,61.46,좋음
672,2018-02-27 00:00,제주,서귀포시,61.46,좋음
671,2018-02-28 00:00,제주,서귀포시,19.11,나쁨
1754,2018-02-28 00:00,제주,제주시,24.81,나쁨
670,2018-03-01 00:00,제주,서귀포시,54.16,보통
1753,2018-03-01 00:00,제주,제주시,52.65,보통
669,2018-03-02 00:00,제주,서귀포시,57.18,보통
1752,2018-03-02 00:00,제주,제주시,54.62,보통
668,2018-03-03 00:00,제주,서귀포시,32.15,나쁨
1751,2018-03-03 00:00,제주,제주시,33.66,나쁨
667,2018-03-04 00:00,제주,서귀포시,34.96,나쁨
1750,2018-03-04 00:00,제주,제주시,51.75,보통
1749,2018-03-05 00:00,제주,제주시,24.6,나쁨
666,2018-03-05 00:00,제주,서귀포시,28.5,나쁨
665,2018-03-06 00:00,제주,서귀포시,48.12,보통
1748,2018-03-06 00:00,제주,제주시,54.16,보통
664,2018-03-07 00:00,제주,서귀포시,19.14,나쁨
1747,2018-03-07 00:00,제주,제주시,17.8,나쁨
663,2018-03-08 00:00,제주,서귀포시,16.12,나쁨
1746,2018-03-08 00:00,제주,제주시,11.42,나쁨
1745,2018-03-09 00:00,제주,제주시,53.11,보통
662,2018-03-09 00:00,제주,서귀포시,53.11,보통
1744,2018-03-10 00:00,제주,제주시,66.36,좋음
661,2018-03-10 00:00,제주,서귀포시,66.36,좋음
1743,2018-03-11 00:00,제주,제주시,68.92,좋음
660,2018-03-11 00:00,제주,서귀포시,67.87,좋음
1742,2018-03-12 00:00,제주,제주시,70.64,좋음
659,2018-03-12 00:00,제주,서귀포시,65.52,좋음
1741,2018-03-13 00:00,제주,제주시,79.16,좋음
658,2018-03-13 00:00,제주,서귀포시,69.97,좋음
1740,2018-03-14 00:00,제주,제주시,78.32,좋음
657,2018-03-14 00:00,제주,서귀포시,69.13,좋음
1739,2018-03-15 00:00,제주,제주시,33.28,나쁨
656,2018-03-15 00:00,제주,서귀포시,28.16,나쁨
1738,2018-03-16 00:00,제주,제주시,19.48,나쁨
655,2018-03-16 00:00,제주,서귀포시,31.61,나쁨
654,2018-03-17 00:00,제주,서귀포시,62.5,좋음
1737,2018-03-17 00:00,제주,제주시,62.5,좋음
653,2018-03-18 00:00,제주,서귀포시,32.32,나쁨
1736,2018-03-18 00:00,제주,제주시,36.39,나쁨
652,2018-03-19 00:00,제주,서귀포시,29.13,나쁨
1735,2018-03-19 00:00,제주,제주시,31.52,나쁨
651,2018-03-20 00:00,제주,서귀포시,14.78,나쁨
1734,2018-03-20 00:00,제주,제주시,14.78,나쁨
1733,2018-03-21 00:00,제주,제주시,12.34,나쁨
650,2018-03-21 00:00,제주,서귀포시,18.09,나쁨
1732,2018-03-22 00:00,제주,제주시,37.36,나쁨
649,2018-03-22 00:00,제주,서귀포시,53.11,보통
1731,2018-03-23 00:00,제주,제주시,67.41,좋음
648,2018-03-23 00:00,제주,서귀포시,64.85,좋음
1730,2018-03-24 00:00,제주,제주시,69.97,좋음
647,2018-03-24 00:00,제주,서귀포시,67.41,좋음
1729,2018-03-25 00:00,제주,제주시,74.04,좋음
646,2018-03-25 00:00,제주,서귀포시,69.97,좋음
1728,2018-03-26 00:00,제주,제주시,70.64,좋음
645,2018-03-26 00:00,제주,서귀포시,68.08,좋음
1727,2018-03-27 00:00,제주,제주시,74.04,좋음
644,2018-03-27 00:00,제주,서귀포시,71.48,좋음
1726,2018-03-28 00:00,제주,제주시,79.16,좋음
643,2018-03-28 00:00,제주,서귀포시,74.04,좋음
642,2018-03-29 00:00,제주,서귀포시,73.2,좋음
1725,2018-03-29 00:00,제주,제주시,73.2,좋음
1724,2018-03-30 00:00,제주,제주시,67.62,좋음
641,2018-03-30 00:00,제주,서귀포시,69.13,좋음
1723,2018-03-31 00:00,제주,제주시,76.81,좋음
640,2018-03-31 00:00,제주,서귀포시,69.13,좋음
1722,2018-04-01 00:00,제주,제주시,72.54,좋음
639,2018-04-01 00:00,제주,서귀포시,67.42,좋음
638,2018-04-02 00:00,제주,서귀포시,75.76,좋음
1721,2018-04-02 00:00,제주,제주시,86.0,매우좋음
1720,2018-04-03 00:00,제주,제주시,88.56,매우좋음
637,2018-04-03 00:00,제주,서귀포시,71.69,좋음
1719,2018-04-04 00:00,제주,제주시,50.24,보통
636,2018-04-04 00:00,제주,서귀포시,43.36,보통
635,2018-04-05 00:00,제주,서귀포시,34.96,나쁨
1718,2018-04-05 00:00,제주,제주시,48.56,보통
1717,2018-04-06 00:00,제주,제주시,32.4,나쁨
634,2018-04-06 00:00,제주,서귀포시,33.37,나쁨
633,2018-04-07 00:00,제주,서귀포시,51.6,보통
1716,2018-04-07 00:00,제주,제주시,29.05,나쁨
632,2018-04-08 00:00,제주,서귀포시,65.9,좋음
1715,2018-04-08 00:00,제주,제주시,65.44,좋음
631,2018-04-09 00:00,제주,서귀포시,72.53,좋음
1714,2018-04-09 00:00,제주,제주시,75.09,좋음
1713,2018-04-10 00:00,제주,제주시,78.91,좋음
630,2018-04-10 00:00,제주,서귀포시,64.6,좋음
629,2018-04-11 00:00,제주,서귀포시,73.59,좋음
1712,2018-04-11 00:00,제주,제주시,72.08,좋음
628,2018-04-12 00:00,제주,서귀포시,71.69,좋음
1711,2018-04-12 00:00,제주,제주시,73.2,좋음
1710,2018-04-13 00:00,제주,제주시,44.24,보통
627,2018-04-13 00:00,제주,서귀포시,40.17,보통
626,2018-04-14 00:00,제주,서귀포시,26.65,나쁨
1709,2018-04-14 00:00,제주,제주시,41.13,보통
1708,2018-04-15 00:00,제주,제주시,62.5,좋음
625,2018-04-15 00:00,제주,서귀포시,62.5,좋음
1707,2018-04-16 00:00,제주,제주시,62.3,좋음
624,2018-04-16 00:00,제주,서귀포시,59.74,보통
1706,2018-04-17 00:00,제주,제주시,64.86,좋음
623,2018-04-17 00:00,제주,서귀포시,62.3,좋음
1705,2018-04-18 00:00,제주,제주시,70.64,좋음
622,2018-04-18 00:00,제주,서귀포시,68.08,좋음
1704,2018-04-19 00:00,제주,제주시,81.72,매우좋음
621,2018-04-19 00:00,제주,서귀포시,74.04,좋음
1703,2018-04-20 00:00,제주,제주시,85.33,매우좋음
620,2018-04-20 00:00,제주,서귀포시,81.72,매우좋음
1702,2018-04-21 00:00,제주,제주시,84.49,매우좋음
619,2018-04-21 00:00,제주,서귀포시,67.62,좋음
1701,2018-04-22 00:00,제주,제주시,51.83,보통
618,2018-04-22 00:00,제주,서귀포시,43.27,보통
1700,2018-04-23 00:00,제주,제주시,51.2,보통
617,2018-04-23 00:00,제주,서귀포시,40.96,보통
1699,2018-04-24 00:00,제주,제주시,34.79,나쁨
616,2018-04-24 00:00,제주,서귀포시,38.86,나쁨
615,2018-04-25 00:00,제주,서귀포시,42.14,보통
1698,2018-04-25 00:00,제주,제주시,48.06,보통
614,2018-04-26 00:00,제주,서귀포시,62.3,좋음
1697,2018-04-26 00:00,제주,제주시,67.42,좋음
613,2018-04-27 00:00,제주,서귀포시,77.65,좋음
1696,2018-04-27 00:00,제주,제주시,84.28,매우좋음
612,2018-04-28 00:00,제주,서귀포시,76.6,좋음
1695,2018-04-28 00:00,제주,제주시,85.33,매우좋음
1694,2018-04-29 00:00,제주,제주시,78.71,좋음
611,2018-04-29 00:00,제주,서귀포시,65.91,좋음
610,2018-04-30 00:00,제주,서귀포시,34.79,나쁨
1693,2018-04-30 00:00,제주,제주시,56.7,보통
609,2018-05-01 00:00,제주,서귀포시,45.03,보통
1692,2018-05-01 00:00,제주,제주시,56.7,보통
608,2018-05-02 00:00,제주,서귀포시,44.32,보통
1691,2018-05-02 00:00,제주,제주시,51.12,보통
1690,2018-05-03 00:00,제주,제주시,70.18,좋음
607,2018-05-03 00:00,제주,서귀포시,67.62,좋음
606,2018-05-04 00:00,제주,서귀포시,71.02,좋음
1689,2018-05-04 00:00,제주,제주시,78.7,좋음
605,2018-05-05 00:00,제주,서귀포시,69.52,좋음
1688,2018-05-05 00:00,제주,제주시,77.2,좋음
1687,2018-05-06 00:00,제주,제주시,45.16,보통
604,2018-05-06 00:00,제주,서귀포시,36.89,나쁨
1686,2018-05-07 00:00,제주,제주시,38.4,나쁨
603,2018-05-07 00:00,제주,서귀포시,40.96,보통
1685,2018-05-08 00:00,제주,제주시,60.16,좋음
602,2018-05-08 00:00,제주,서귀포시,60.16,좋음
1684,2018-05-09 00:00,제주,제주시,69.13,좋음
601,2018-05-09 00:00,제주,서귀포시,69.13,좋음
1683,2018-05-10 00:00,제주,제주시,80.21,매우좋음
600,2018-05-10 00:00,제주,서귀포시,76.6,좋음
599,2018-05-11 00:00,제주,서귀포시,74.25,좋음
1682,2018-05-11 00:00,제주,제주시,80.88,매우좋음
598,2018-05-12 00:00,제주,서귀포시,40.88,보통
1681,2018-05-12 00:00,제주,제주시,57.92,보통
597,2018-05-13 00:00,제주,서귀포시,46.08,보통
1680,2018-05-13 00:00,제주,제주시,40.96,보통
596,2018-05-14 00:00,제주,서귀포시,87.05,매우좋음
1679,2018-05-14 00:00,제주,제주시,89.61,매우좋음
595,2018-05-15 00:00,제주,서귀포시,68.08,좋음
1678,2018-05-15 00:00,제주,제주시,86.39,매우좋음
1677,2018-05-16 00:00,제주,제주시,79.76,좋음
594,2018-05-16 00:00,제주,서귀포시,78.08,좋음
1676,2018-05-17 00:00,제주,제주시,66.96,좋음
593,2018-05-17 00:00,제주,서귀포시,57.92,보통
1675,2018-05-18 00:00,제주,제주시,57.58,보통
592,2018-05-18 00:00,제주,서귀포시,54.22,보통
591,2018-05-19 00:00,제주,서귀포시,65.45,좋음
1674,2018-05-19 00:00,제주,제주시,47.14,보통
590,2018-05-20 00:00,제주,서귀포시,54.12,보통
1673,2018-05-20 00:00,제주,제주시,48.54,보통
1672,2018-05-21 00:00,제주,제주시,59.94,보통
589,2018-05-21 00:00,제주,서귀포시,75.69,좋음
1671,2018-05-22 00:00,제주,제주시,57.92,보통
588,2018-05-22 00:00,제주,서귀포시,52.8,보통
1670,2018-05-23 00:00,제주,제주시,57.7,보통
587,2018-05-23 00:00,제주,서귀포시,56.1,보통
1669,2018-05-24 00:00,제주,제주시,88.56,매우좋음
586,2018-05-24 00:00,제주,서귀포시,87.51,매우좋음
1668,2018-05-25 00:00,제주,제주시,55.82,보통
585,2018-05-25 00:00,제주,서귀포시,47.97,보통
1667,2018-05-26 00:00,제주,제주시,66.89,좋음
584,2018-05-26 00:00,제주,서귀포시,65.21,좋음
1666,2018-05-27 00:00,제주,제주시,78.54,좋음
583,2018-05-27 00:00,제주,서귀포시,58.38,보통
582,2018-05-28 00:00,제주,서귀포시,62.45,좋음
1665,2018-05-28 00:00,제주,제주시,60.94,좋음
1664,2018-05-29 00:00,제주,제주시,81.1,매우좋음
581,2018-05-29 00:00,제주,서귀포시,63.25,좋음
1663,2018-05-30 00:00,제주,제주시,87.9,매우좋음
580,2018-05-30 00:00,제주,서귀포시,87.9,매우좋음
579,2018-05-31 00:00,제주,서귀포시,73.42,좋음
1662,2018-05-31 00:00,제주,제주시,73.42,좋음
578,2018-06-01 00:00,제주,서귀포시,94.02,매우좋음
1661,2018-06-01 00:00,제주,제주시,96.56,매우좋음
577,2018-06-02 00:00,제주,서귀포시,95.08,매우좋음
1660,2018-06-02 00:00,제주,제주시,95.08,매우좋음
1659,2018-06-03 00:00,제주,제주시,95.08,매우좋음
576,2018-06-03 00:00,제주,서귀포시,86.62,매우좋음
575,2018-06-04 00:00,제주,서귀포시,84.95,매우좋음
1658,2018-06-04 00:00,제주,제주시,89.16,매우좋음
574,2018-06-05 00:00,제주,서귀포시,51.63,보통
1657,2018-06-05 00:00,제주,제주시,55.95,보통
573,2018-06-06 00:00,제주,서귀포시,81.78,매우좋음
1656,2018-06-06 00:00,제주,제주시,82.65,매우좋음
1655,2018-06-07 00:00,제주,제주시,93.41,매우좋음
572,2018-06-07 00:00,제주,서귀포시,95.08,매우좋음
571,2018-06-08 00:00,제주,서귀포시,95.08,매우좋음
1654,2018-06-08 00:00,제주,제주시,95.08,매우좋음
570,2018-06-09 00:00,제주,서귀포시,59.62,보통
1653,2018-06-09 00:00,제주,제주시,61.29,좋음
569,2018-06-10 00:00,제주,서귀포시,80.98,매우좋음
1652,2018-06-10 00:00,제주,제주시,57.95,보통
568,2018-06-11 00:00,제주,서귀포시,57.88,보통
1651,2018-06-11 00:00,제주,제주시,56.97,보통
1650,2018-06-12 00:00,제주,제주시,77.28,좋음
567,2018-06-12 00:00,제주,서귀포시,95.08,매우좋음
566,2018-06-13 00:00,제주,서귀포시,92.35,매우좋음
1649,2018-06-13 00:00,제주,제주시,96.56,매우좋음
1648,2018-06-14 00:00,제주,제주시,93.41,매우좋음
565,2018-06-14 00:00,제주,서귀포시,91.74,매우좋음
564,2018-06-15 00:00,제주,서귀포시,84.15,매우좋음
1647,2018-06-15 00:00,제주,제주시,84.15,매우좋음
563,2018-06-16 00:00,제주,서귀포시,85.86,매우좋음
1646,2018-06-16 00:00,제주,제주시,88.4,매우좋음
562,2018-06-17 00:00,제주,서귀포시,89.16,매우좋음
1645,2018-06-17 00:00,제주,제주시,87.49,매우좋음
561,2018-06-18 00:00,제주,서귀포시,90.83,매우좋음
1644,2018-06-18 00:00,제주,제주시,89.16,매우좋음
560,2018-06-19 00:00,제주,서귀포시,54.17,보통
1643,2018-06-19 00:00,제주,제주시,55.84,보통
1642,2018-06-20 00:00,제주,제주시,89.16,매우좋음
559,2018-06-20 00:00,제주,서귀포시,89.16,매우좋음
1641,2018-06-21 00:00,제주,제주시,95.08,매우좋음
558,2018-06-21 00:00,제주,서귀포시,95.08,매우좋음
557,2018-06-22 00:00,제주,서귀포시,89.16,매우좋음
1640,2018-06-22 00:00,제주,제주시,89.16,매우좋음
1639,2018-06-23 00:00,제주,제주시,75.61,좋음
556,2018-06-23 00:00,제주,서귀포시,69.51,좋음
1638,2018-06-24 00:00,제주,제주시,94.89,매우좋음
555,2018-06-24 00:00,제주,서귀포시,94.89,매우좋음
1637,2018-06-25 00:00,제주,제주시,81.6,매우좋음
554,2018-06-25 00:00,제주,서귀포시,67.8,좋음
1636,2018-06-26 00:00,제주,제주시,57.17,보통
553,2018-06-26 00:00,제주,서귀포시,52.61,보통
552,2018-06-27 00:00,제주,서귀포시,59.51,보통
1635,2018-06-27 00:00,제주,제주시,43.59,보통
551,2018-06-28 00:00,제주,서귀포시,52.5,보통
1634,2018-06-28 00:00,제주,제주시,30.59,나쁨
1633,2018-06-29 00:00,제주,제주시,44.94,보통
550,2018-06-29 00:00,제주,서귀포시,54.17,보통
549,2018-06-30 00:00,제주,서귀포시,52.5,보통
1632,2018-06-30 00:00,제주,제주시,46.61,보통
1631,2018-07-01 00:00,제주,제주시,41.01,보통
548,2018-07-01 00:00,제주,서귀포시,52.83,보통
547,2018-07-02 00:00,제주,서귀포시,44.15,보통
1630,2018-07-02 00:00,제주,제주시,32.33,나쁨
546,2018-07-03 00:00,제주,서귀포시,43.63,보통
1629,2018-07-03 00:00,제주,제주시,41.85,보통
545,2018-07-04 00:00,제주,서귀포시,81.6,매우좋음
1628,2018-07-04 00:00,제주,제주시,72.35,좋음
544,2018-07-05 00:00,제주,서귀포시,64.85,좋음
1627,2018-07-05 00:00,제주,제주시,57.29,보통
543,2018-07-06 00:00,제주,서귀포시,52.72,보통
1626,2018-07-06 00:00,제주,제주시,54.28,보통
542,2018-07-07 00:00,제주,서귀포시,54.83,보통
1625,2018-07-07 00:00,제주,제주시,61.51,좋음
541,2018-07-08 00:00,제주,서귀포시,54.5,보통
1624,2018-07-08 00:00,제주,제주시,56.17,보통
1623,2018-07-09 00:00,제주,제주시,53.95,보통
540,2018-07-09 00:00,제주,서귀포시,56.17,보통
1622,2018-07-10 00:00,제주,제주시,71.52,좋음
539,2018-07-10 00:00,제주,서귀포시,81.63,매우좋음
1621,2018-07-11 00:00,제주,제주시,30.18,나쁨
538,2018-07-11 00:00,제주,서귀포시,80.78,매우좋음
1620,2018-07-12 00:00,제주,제주시,47.02,보통
537,2018-07-12 00:00,제주,서귀포시,89.19,매우좋음
1619,2018-07-13 00:00,제주,제주시,49.6,보통
536,2018-07-13 00:00,제주,서귀포시,89.19,매우좋음
1618,2018-07-14 00:00,제주,제주시,57.18,보통
535,2018-07-14 00:00,제주,서귀포시,89.19,매우좋음
534,2018-07-15 00:00,제주,서귀포시,89.19,매우좋음
1617,2018-07-15 00:00,제주,제주시,57.18,보통
533,2018-07-16 00:00,제주,서귀포시,84.15,매우좋음
1616,2018-07-16 00:00,제주,제주시,57.18,보통
532,2018-07-17 00:00,제주,서귀포시,84.15,매우좋음
1615,2018-07-17 00:00,제주,제주시,62.24,좋음
1614,2018-07-18 00:00,제주,제주시,69.82,좋음
531,2018-07-18 00:00,제주,서귀포시,84.15,매우좋음
1613,2018-07-19 00:00,제주,제주시,59.72,보통
530,2018-07-19 00:00,제주,서귀포시,79.09,좋음
1612,2018-07-20 00:00,제주,제주시,62.22,좋음
529,2018-07-20 00:00,제주,서귀포시,72.36,좋음
528,2018-07-21 00:00,제주,서귀포시,55.5,보통
1611,2018-07-21 00:00,제주,제주시,47.05,보통
527,2018-07-22 00:00,제주,서귀포시,14.36,나쁨
1610,2018-07-22 00:00,제주,제주시,36.33,나쁨
526,2018-07-23 00:00,제주,서귀포시,74.87,좋음
1609,2018-07-23 00:00,제주,제주시,48.72,보통
525,2018-07-24 00:00,제주,서귀포시,69.81,좋음
1608,2018-07-24 00:00,제주,제주시,49.56,보통
524,2018-07-25 00:00,제주,서귀포시,46.22,보통
1607,2018-07-25 00:00,제주,제주시,52.1,보통
523,2018-07-26 00:00,제주,서귀포시,59.72,보통
1606,2018-07-26 00:00,제주,제주시,54.62,보통
522,2018-07-27 00:00,제주,서귀포시,67.3,좋음
1605,2018-07-27 00:00,제주,제주시,62.2,좋음
521,2018-07-28 00:00,제주,서귀포시,56.34,보통
1604,2018-07-28 00:00,제주,제주시,46.18,보통
1603,2018-07-29 00:00,제주,제주시,41.1,보통
520,2018-07-29 00:00,제주,서귀포시,49.59,보통
519,2018-07-30 00:00,제주,서귀포시,46.47,보통
1602,2018-07-30 00:00,제주,제주시,38.0,나쁨
518,2018-07-31 00:00,제주,서귀포시,63.06,좋음
1601,2018-07-31 00:00,제주,제주시,49.57,보통
517,2018-08-01 00:00,제주,서귀포시,47.88,보통
1600,2018-08-01 00:00,제주,제주시,44.51,보통
516,2018-08-02 00:00,제주,서귀포시,46.25,보통
1599,2018-08-02 00:00,제주,제주시,37.76,나쁨
1598,2018-08-03 00:00,제주,제주시,25.88,나쁨
515,2018-08-03 00:00,제주,서귀포시,14.66,나쁨
1597,2018-08-04 00:00,제주,제주시,47.02,보통
514,2018-08-04 00:00,제주,서귀포시,64.76,좋음
1596,2018-08-05 00:00,제주,제주시,57.14,보통
513,2018-08-05 00:00,제주,서귀포시,59.72,보통
1595,2018-08-06 00:00,제주,제주시,45.35,보통
512,2018-08-06 00:00,제주,서귀포시,67.28,좋음
511,2018-08-07 00:00,제주,서귀포시,51.26,보통
1594,2018-08-07 00:00,제주,제주시,41.97,보통
510,2018-08-08 00:00,제주,서귀포시,59.72,보통
1593,2018-08-08 00:00,제주,제주시,52.1,보통
509,2018-08-09 00:00,제주,서귀포시,63.91,좋음
1592,2018-08-09 00:00,제주,제주시,49.56,보통
508,2018-08-10 00:00,제주,서귀포시,51.26,보통
1591,2018-08-10 00:00,제주,제주시,43.64,보통
1590,2018-08-11 00:00,제주,제주시,40.3,보통
507,2018-08-11 00:00,제주,서귀포시,58.02,보통
1589,2018-08-12 00:00,제주,제주시,1.9,나쁨
506,2018-08-12 00:00,제주,서귀포시,25.85,나쁨
505,2018-08-13 00:00,제주,서귀포시,51.49,보통
1588,2018-08-13 00:00,제주,제주시,35.44,나쁨
1587,2018-08-14 00:00,제주,제주시,51.22,보통
504,2018-08-14 00:00,제주,서귀포시,49.57,보통
1586,2018-08-15 00:00,제주,제주시,32.92,나쁨
503,2018-08-15 00:00,제주,서귀포시,35.19,나쁨
502,2018-08-16 00:00,제주,서귀포시,44.12,보통
1585,2018-08-16 00:00,제주,제주시,13.79,나쁨
1584,2018-08-17 00:00,제주,제주시,26.75,나쁨
501,2018-08-17 00:00,제주,서귀포시,22.47,나쁨
500,2018-08-18 00:00,제주,서귀포시,68.16,좋음
1583,2018-08-18 00:00,제주,제주시,68.14,좋음
1582,2018-08-19 00:00,제주,제주시,62.23,좋음
499,2018-08-19 00:00,제주,서귀포시,69.83,좋음
1581,2018-08-20 00:00,제주,제주시,54.64,보통
498,2018-08-20 00:00,제주,서귀포시,87.52,매우좋음
1580,2018-08-21 00:00,제주,제주시,52.13,보통
497,2018-08-21 00:00,제주,서귀포시,63.9,좋음
1579,2018-08-22 00:00,제주,제주시,15.51,나쁨
496,2018-08-22 00:00,제주,서귀포시,13.01,나쁨
1578,2018-08-23 00:00,제주,제주시,28.17,나쁨
495,2018-08-23 00:00,제주,서귀포시,35.77,나쁨
494,2018-08-24 00:00,제주,서귀포시,74.07,좋음
1577,2018-08-24 00:00,제주,제주시,66.45,좋음
493,2018-08-25 00:00,제주,서귀포시,47.76,보통
1576,2018-08-25 00:00,제주,제주시,40.16,보통
1575,2018-08-26 00:00,제주,제주시,17.29,나쁨
492,2018-08-26 00:00,제주,서귀포시,54.58,보통
491,2018-08-27 00:00,제주,서귀포시,75.69,좋음
1574,2018-08-27 00:00,제주,제주시,53.78,보통
490,2018-08-28 00:00,제주,서귀포시,78.21,좋음
1573,2018-08-28 00:00,제주,제주시,51.26,보통
1572,2018-08-29 00:00,제주,제주시,56.32,보통
489,2018-08-29 00:00,제주,서귀포시,57.72,보통
1571,2018-08-30 00:00,제주,제주시,57.37,보통
488,2018-08-30 00:00,제주,서귀포시,57.92,보통
487,2018-08-31 00:00,제주,서귀포시,84.12,매우좋음
1570,2018-08-31 00:00,제주,제주시,58.82,보통
1569,2018-09-01 00:00,제주,제주시,32.75,나쁨
486,2018-09-01 00:00,제주,서귀포시,46.93,보통
1568,2018-09-02 00:00,제주,제주시,40.48,보통
485,2018-09-02 00:00,제주,서귀포시,54.13,보통
484,2018-09-03 00:00,제주,서귀포시,53.34,보통
1567,2018-09-03 00:00,제주,제주시,60.87,좋음
1566,2018-09-04 00:00,제주,제주시,59.42,보통
483,2018-09-04 00:00,제주,서귀포시,47.92,보통
482,2018-09-05 00:00,제주,서귀포시,91.27,매우좋음
1565,2018-09-05 00:00,제주,제주시,85.85,매우좋음
1564,2018-09-06 00:00,제주,제주시,75.05,좋음
481,2018-09-06 00:00,제주,서귀포시,81.48,매우좋음
1563,2018-09-07 00:00,제주,제주시,44.56,보통
480,2018-09-07 00:00,제주,서귀포시,50.99,보통
1562,2018-09-08 00:00,제주,제주시,78.1,좋음
479,2018-09-08 00:00,제주,서귀포시,63.48,좋음
478,2018-09-09 00:00,제주,서귀포시,96.52,매우좋음
1561,2018-09-09 00:00,제주,제주시,94.83,매우좋음
1560,2018-09-10 00:00,제주,제주시,81.13,매우좋음
477,2018-09-10 00:00,제주,서귀포시,82.82,매우좋음
476,2018-09-11 00:00,제주,서귀포시,79.44,좋음
1559,2018-09-11 00:00,제주,제주시,79.44,좋음
1558,2018-09-12 00:00,제주,제주시,76.41,좋음
475,2018-09-12 00:00,제주,서귀포시,58.41,보통
474,2018-09-13 00:00,제주,서귀포시,47.61,보통
1557,2018-09-13 00:00,제주,제주시,42.87,보통
1556,2018-09-14 00:00,제주,제주시,79.11,좋음
473,2018-09-14 00:00,제주,서귀포시,55.82,보통
472,2018-09-15 00:00,제주,서귀포시,79.09,좋음
1555,2018-09-15 00:00,제주,제주시,64.14,좋음
1554,2018-09-16 00:00,제주,제주시,92.96,매우좋음
471,2018-09-16 00:00,제주,서귀포시,88.22,매우좋음
1553,2018-09-17 00:00,제주,제주시,52.68,보통
470,2018-09-17 00:00,제주,서귀포시,52.68,보통
1552,2018-09-18 00:00,제주,제주시,87.89,매우좋음
469,2018-09-18 00:00,제주,서귀포시,87.89,매우좋음
1551,2018-09-19 00:00,제주,제주시,56.28,보통
468,2018-09-19 00:00,제주,서귀포시,54.59,보통
1550,2018-09-20 00:00,제주,제주시,43.99,보통
467,2018-09-20 00:00,제주,서귀포시,47.61,보통
1549,2018-09-21 00:00,제주,제주시,42.3,보통
466,2018-09-21 00:00,제주,서귀포시,49.41,보통
1548,2018-09-22 00:00,제주,제주시,87.89,매우좋음
465,2018-09-22 00:00,제주,서귀포시,86.2,매우좋음
1547,2018-09-23 00:00,제주,제주시,82.14,매우좋음
464,2018-09-23 00:00,제주,서귀포시,84.51,매우좋음
1546,2018-09-24 00:00,제주,제주시,84.51,매우좋음
463,2018-09-24 00:00,제주,서귀포시,86.2,매우좋음
1545,2018-09-25 00:00,제주,제주시,79.44,좋음
462,2018-09-25 00:00,제주,서귀포시,74.74,좋음
1544,2018-09-26 00:00,제주,제주시,66.27,좋음
461,2018-09-26 00:00,제주,서귀포시,69.65,좋음
460,2018-09-27 00:00,제주,서귀포시,86.2,매우좋음
1543,2018-09-27 00:00,제주,제주시,82.82,매우좋음
459,2018-09-28 00:00,제주,서귀포시,79.44,좋음
1542,2018-09-28 00:00,제주,제주시,79.44,좋음
458,2018-09-29 00:00,제주,서귀포시,40.85,보통
1541,2018-09-29 00:00,제주,제주시,44.45,보통
457,2018-09-30 00:00,제주,서귀포시,76.06,좋음
1540,2018-09-30 00:00,제주,제주시,72.68,좋음
456,2018-10-01 00:00,제주,서귀포시,78.47,좋음
1539,2018-10-01 00:00,제주,제주시,79.44,좋음
455,2018-10-02 00:00,제주,서귀포시,87.6,매우좋음
1538,2018-10-02 00:00,제주,제주시,80.47,매우좋음
454,2018-10-03 00:00,제주,서귀포시,85.91,매우좋음
1537,2018-10-03 00:00,제주,제주시,86.57,매우좋음
453,2018-10-04 00:00,제주,서귀포시,37.47,나쁨
1536,2018-10-04 00:00,제주,제주시,42.1,보통
452,2018-10-05 00:00,제주,서귀포시,37.47,나쁨
1535,2018-10-05 00:00,제주,제주시,37.47,나쁨
451,2018-10-06 00:00,제주,서귀포시,37.47,나쁨
1534,2018-10-06 00:00,제주,제주시,37.47,나쁨
1533,2018-10-07 00:00,제주,제주시,91.27,매우좋음
450,2018-10-07 00:00,제주,서귀포시,90.61,매우좋음
1532,2018-10-08 00:00,제주,제주시,86.57,매우좋음
449,2018-10-08 00:00,제주,서귀포시,88.26,매우좋음
1531,2018-10-09 00:00,제주,제주시,79.13,좋음
448,2018-10-09 00:00,제주,서귀포시,72.72,좋음
447,2018-10-10 00:00,제주,서귀포시,47.65,보통
1530,2018-10-10 00:00,제주,제주시,66.99,좋음
1529,2018-10-11 00:00,제주,제주시,61.59,좋음
446,2018-10-11 00:00,제주,서귀포시,61.59,좋음
445,2018-10-12 00:00,제주,서귀포시,73.42,좋음
1528,2018-10-12 00:00,제주,제주시,68.35,좋음
1527,2018-10-13 00:00,제주,제주시,67.34,좋음
444,2018-10-13 00:00,제주,서귀포시,67.34,좋음
1526,2018-10-14 00:00,제주,제주시,74.43,좋음
443,2018-10-14 00:00,제주,서귀포시,69.69,좋음
1525,2018-10-15 00:00,제주,제주시,77.44,좋음
442,2018-10-15 00:00,제주,서귀포시,70.37,좋음
1524,2018-10-16 00:00,제주,제주시,70.37,좋음
441,2018-10-16 00:00,제주,서귀포시,69.69,좋음
1523,2018-10-17 00:00,제주,제주시,66.31,좋음
440,2018-10-17 00:00,제주,서귀포시,63.96,좋음
1522,2018-10-18 00:00,제주,제주시,63.96,좋음
439,2018-10-18 00:00,제주,서귀포시,68.35,좋음
1521,2018-10-19 00:00,제주,제주시,74.76,좋음
438,2018-10-19 00:00,제주,서귀포시,73.42,좋음
1520,2018-10-20 00:00,제주,제주시,76.47,좋음
437,2018-10-20 00:00,제주,서귀포시,74.1,좋음
1519,2018-10-21 00:00,제주,제주시,79.5,좋음
436,2018-10-21 00:00,제주,서귀포시,74.78,좋음
1518,2018-10-22 00:00,제주,제주시,76.78,좋음
435,2018-10-22 00:00,제주,서귀포시,69.69,좋음
1517,2018-10-23 00:00,제주,제주시,72.06,좋음
434,2018-10-23 00:00,제주,서귀포시,65.65,좋음
1516,2018-10-24 00:00,제주,제주시,74.76,좋음
433,2018-10-24 00:00,제주,서귀포시,76.47,좋음
1515,2018-10-25 00:00,제주,제주시,83.56,매우좋음
432,2018-10-25 00:00,제주,서귀포시,81.19,매우좋음
1514,2018-10-26 00:00,제주,제주시,40.56,보통
431,2018-10-26 00:00,제주,서귀포시,29.41,나쁨
430,2018-10-27 00:00,제주,서귀포시,62.6,좋음
1513,2018-10-27 00:00,제주,제주시,54.83,보통
1512,2018-10-28 00:00,제주,제주시,65.3,좋음
429,2018-10-28 00:00,제주,서귀포시,64.97,좋음
428,2018-10-29 00:00,제주,서귀포시,74.28,좋음
1511,2018-10-29 00:00,제주,제주시,83.74,매우좋음
427,2018-10-30 00:00,제주,서귀포시,69.36,좋음
1510,2018-10-30 00:00,제주,제주시,61.59,좋음
426,2018-10-31 00:00,제주,서귀포시,64.29,좋음
1509,2018-10-31 00:00,제주,제주시,59.22,보통
425,2018-11-01 00:00,제주,서귀포시,71.05,좋음
1508,2018-11-01 00:00,제주,제주시,67.67,좋음
1507,2018-11-02 00:00,제주,제주시,74.1,좋음
424,2018-11-02 00:00,제주,서귀포시,71.73,좋음
1506,2018-11-03 00:00,제주,제주시,68.02,좋음
423,2018-11-03 00:00,제주,서귀포시,65.65,좋음
1505,2018-11-04 00:00,제주,제주시,77.66,좋음
422,2018-11-04 00:00,제주,서귀포시,81.72,매우좋음
421,2018-11-05 00:00,제주,서귀포시,76.47,좋음
1504,2018-11-05 00:00,제주,제주시,76.47,좋음
1503,2018-11-06 00:00,제주,제주시,79.5,좋음
420,2018-11-06 00:00,제주,서귀포시,77.13,좋음
1502,2018-11-07 00:00,제주,제주시,44.71,보통
419,2018-11-07 00:00,제주,서귀포시,44.71,보통
418,2018-11-08 00:00,제주,서귀포시,40.56,보통
1501,2018-11-08 00:00,제주,제주시,40.54,보통
417,2018-11-09 00:00,제주,서귀포시,64.97,좋음
1500,2018-11-09 00:00,제주,제주시,61.59,좋음
1499,2018-11-10 00:00,제주,제주시,79.35,좋음
416,2018-11-10 00:00,제주,서귀포시,77.66,좋음
415,2018-11-11 00:00,제주,서귀포시,36.96,나쁨
1498,2018-11-11 00:00,제주,제주시,36.96,나쁨
414,2018-11-12 00:00,제주,서귀포시,32.9,나쁨
1497,2018-11-12 00:00,제주,제주시,34.81,나쁨
413,2018-11-13 00:00,제주,서귀포시,67.67,좋음
1496,2018-11-13 00:00,제주,제주시,65.98,좋음
412,2018-11-14 00:00,제주,서귀포시,69.36,좋음
1495,2018-11-14 00:00,제주,제주시,67.67,좋음
411,2018-11-15 00:00,제주,서귀포시,71.73,좋음
1494,2018-11-15 00:00,제주,제주시,71.73,좋음
410,2018-11-16 00:00,제주,서귀포시,29.87,나쁨
1493,2018-11-16 00:00,제주,제주시,31.67,나쁨
409,2018-11-17 00:00,제주,서귀포시,60.91,좋음
1492,2018-11-17 00:00,제주,제주시,60.91,좋음
1491,2018-11-18 00:00,제주,제주시,34.59,나쁨
408,2018-11-18 00:00,제주,서귀포시,32.9,나쁨
1490,2018-11-19 00:00,제주,제주시,59.22,보통
407,2018-11-19 00:00,제주,서귀포시,61.94,좋음
406,2018-11-20 00:00,제주,서귀포시,67.01,좋음
1489,2018-11-20 00:00,제주,제주시,67.67,좋음
405,2018-11-21 00:00,제주,서귀포시,29.41,나쁨
1488,2018-11-21 00:00,제주,제주시,29.41,나쁨
404,2018-11-22 00:00,제주,서귀포시,58.56,보통
1487,2018-11-22 00:00,제주,제주시,52.81,보통
403,2018-11-23 00:00,제주,서귀포시,57.88,보통
1486,2018-11-23 00:00,제주,제주시,60.25,좋음
402,2018-11-24 00:00,제주,서귀포시,52.81,보통
1485,2018-11-24 00:00,제주,제주시,55.18,보통
401,2018-11-25 00:00,제주,서귀포시,64.97,좋음
1484,2018-11-25 00:00,제주,제주시,64.97,좋음
1483,2018-11-26 00:00,제주,제주시,38.65,나쁨
400,2018-11-26 00:00,제주,서귀포시,36.96,나쁨
1482,2018-11-27 00:00,제주,제주시,71.73,좋음
399,2018-11-27 00:00,제주,서귀포시,74.1,좋음
1481,2018-11-28 00:00,제주,제주시,69.36,좋음
398,2018-11-28 00:00,제주,서귀포시,71.05,좋음
1480,2018-11-29 00:00,제주,제주시,71.05,좋음
397,2018-11-29 00:00,제주,서귀포시,71.05,좋음
1479,2018-11-30 00:00,제주,제주시,66.66,좋음
396,2018-11-30 00:00,제주,서귀포시,64.29,좋음
1478,2018-12-01 00:00,제주,제주시,61.21,좋음
395,2018-12-01 00:00,제주,서귀포시,58.38,보통
394,2018-12-02 00:00,제주,서귀포시,38.64,나쁨
1477,2018-12-02 00:00,제주,제주시,45.84,보통
393,2018-12-03 00:00,제주,서귀포시,49.82,보통
1476,2018-12-03 00:00,제주,제주시,55.58,보통
392,2018-12-04 00:00,제주,서귀포시,42.97,보통
1475,2018-12-04 00:00,제주,제주시,37.37,나쁨
391,2018-12-05 00:00,제주,서귀포시,59.92,보통
1474,2018-12-05 00:00,제주,제주시,54.22,보통
390,2018-12-06 00:00,제주,서귀포시,25.39,나쁨
1473,2018-12-06 00:00,제주,제주시,17.88,나쁨
389,2018-12-07 00:00,제주,서귀포시,48.27,보통
1472,2018-12-07 00:00,제주,제주시,18.21,나쁨
388,2018-12-08 00:00,제주,서귀포시,46.98,보통
1471,2018-12-08 00:00,제주,제주시,21.6,나쁨
387,2018-12-09 00:00,제주,서귀포시,48.52,보통
1470,2018-12-09 00:00,제주,제주시,42.34,보통
386,2018-12-10 00:00,제주,서귀포시,54.22,보통
1469,2018-12-10 00:00,제주,제주시,54.22,보통
385,2018-12-11 00:00,제주,서귀포시,26.81,나쁨
1468,2018-12-11 00:00,제주,제주시,22.44,나쁨
1467,2018-12-12 00:00,제주,제주시,30.5,나쁨
384,2018-12-12 00:00,제주,서귀포시,52.89,보통
1466,2018-12-13 00:00,제주,제주시,51.14,보통
383,2018-12-13 00:00,제주,서귀포시,55.76,보통
1465,2018-12-14 00:00,제주,제주시,46.98,보통
382,2018-12-14 00:00,제주,서귀포시,54.47,보통
1464,2018-12-15 00:00,제주,제주시,52.89,보통
381,2018-12-15 00:00,제주,서귀포시,57.3,보통
1463,2018-12-16 00:00,제주,제주시,27.18,나쁨
380,2018-12-16 00:00,제주,서귀포시,31.55,나쁨
1462,2018-12-17 00:00,제주,제주시,46.52,보통
379,2018-12-17 00:00,제주,서귀포시,57.09,보통
378,2018-12-18 00:00,제주,서귀포시,58.63,보통
1461,2018-12-18 00:00,제주,제주시,57.09,보통
377,2018-12-19 00:00,제주,서귀포시,58.38,보통
1460,2018-12-19 00:00,제주,제주시,61.21,좋음
1459,2018-12-20 00:00,제주,제주시,31.28,나쁨
376,2018-12-20 00:00,제주,서귀포시,28.14,나쁨
375,2018-12-21 00:00,제주,서귀포시,37.31,나쁨
1458,2018-12-21 00:00,제주,제주시,58.11,보통
374,2018-12-22 00:00,제주,서귀포시,42.26,보통
1457,2018-12-22 00:00,제주,제주시,61.46,좋음
373,2018-12-23 00:00,제주,서귀포시,33.15,나쁨
1456,2018-12-23 00:00,제주,제주시,22.56,나쁨
1455,2018-12-24 00:00,제주,제주시,46.98,보통
372,2018-12-24 00:00,제주,서귀포시,57.3,보통
1454,2018-12-25 00:00,제주,제주시,55.76,보통
371,2018-12-25 00:00,제주,서귀포시,55.76,보통
370,2018-12-26 00:00,제주,서귀포시,31.92,나쁨
1453,2018-12-26 00:00,제주,제주시,28.84,나쁨
369,2018-12-27 00:00,제주,서귀포시,46.73,보통
1452,2018-12-27 00:00,제주,제주시,40.82,보통
1451,2018-12-28 00:00,제주,제주시,20.02,나쁨
368,2018-12-28 00:00,제주,서귀포시,41.28,보통
1450,2018-12-29 00:00,제주,제주시,27.9,나쁨
367,2018-12-29 00:00,제주,서귀포시,42.82,보통
366,2018-12-30 00:00,제주,서귀포시,50.06,보통
1449,2018-12-30 00:00,제주,제주시,46.98,보통
365,2018-12-31 00:00,제주,서귀포시,48.52,보통
1448,2018-12-31 00:00,제주,제주시,46.98,보통
364,2019-01-01 00:00,제주,서귀포시,43.88,보통
1447,2019-01-01 00:00,제주,제주시,39.26,나쁨
1446,2019-01-02 00:00,제주,제주시,46.98,보통
363,2019-01-02 00:00,제주,서귀포시,50.06,보통
362,2019-01-03 00:00,제주,서귀포시,57.3,보통
1445,2019-01-03 00:00,제주,제주시,48.52,보통
361,2019-01-04 00:00,제주,서귀포시,30.32,나쁨
1444,2019-01-04 00:00,제주,제주시,29.05,나쁨
360,2019-01-05 00:00,제주,서귀포시,30.38,나쁨
1443,2019-01-05 00:00,제주,제주시,48.04,보통
359,2019-01-06 00:00,제주,서귀포시,54.22,보통
1442,2019-01-06 00:00,제주,제주시,49.81,보통
358,2019-01-07 00:00,제주,서귀포시,57.09,보통
1441,2019-01-07 00:00,제주,제주시,51.35,보통
1440,2019-01-08 00:00,제주,제주시,48.27,보통
357,2019-01-08 00:00,제주,서귀포시,57.09,보통
356,2019-01-09 00:00,제주,서귀포시,51.6,보통
1439,2019-01-09 00:00,제주,제주시,48.52,보통
355,2019-01-10 00:00,제주,서귀포시,35.12,나쁨
1438,2019-01-10 00:00,제주,제주시,33.58,나쁨
354,2019-01-11 00:00,제주,서귀포시,31.92,나쁨
1437,2019-01-11 00:00,제주,제주시,31.92,나쁨
1436,2019-01-12 00:00,제주,제주시,27.24,나쁨
353,2019-01-12 00:00,제주,서귀포시,34.96,나쁨
352,2019-01-13 00:00,제주,서귀포시,60.17,좋음
1435,2019-01-13 00:00,제주,제주시,52.68,보통
1434,2019-01-14 00:00,제주,제주시,60.17,좋음
351,2019-01-14 00:00,제주,서귀포시,58.63,보통
1433,2019-01-15 00:00,제주,제주시,49.6,보통
350,2019-01-15 00:00,제주,서귀포시,49.81,보통
349,2019-01-16 00:00,제주,서귀포시,54.47,보통
1432,2019-01-16 00:00,제주,제주시,46.98,보통
348,2019-01-17 00:00,제주,서귀포시,48.52,보통
1431,2019-01-17 00:00,제주,제주시,45.44,보통
347,2019-01-18 00:00,제주,서귀포시,58.84,보통
1430,2019-01-18 00:00,제주,제주시,58.84,보통
346,2019-01-19 00:00,제주,서귀포시,31.67,나쁨
1429,2019-01-19 00:00,제주,제주시,33.21,나쁨
1428,2019-01-20 00:00,제주,제주시,46.73,보통
345,2019-01-20 00:00,제주,서귀포시,51.35,보통
1427,2019-01-21 00:00,제주,제주시,48.27,보통
344,2019-01-21 00:00,제주,서귀포시,55.76,보통
1426,2019-01-22 00:00,제주,제주시,57.09,보통
343,2019-01-22 00:00,제주,서귀포시,55.76,보통
342,2019-01-23 00:00,제주,서귀포시,61.18,좋음
1425,2019-01-23 00:00,제주,제주시,59.64,보통
1424,2019-01-24 00:00,제주,제주시,56.77,보통
341,2019-01-24 00:00,제주,서귀포시,64.01,좋음
340,2019-01-25 00:00,제주,서귀포시,49.81,보통
1423,2019-01-25 00:00,제주,제주시,48.27,보통
339,2019-01-26 00:00,제주,서귀포시,45.44,보통
1422,2019-01-26 00:00,제주,제주시,40.82,보통
338,2019-01-27 00:00,제주,서귀포시,51.35,보통
1421,2019-01-27 00:00,제주,제주시,52.89,보통
337,2019-01-28 00:00,제주,서귀포시,49.81,보통
1420,2019-01-28 00:00,제주,제주시,51.14,보통
336,2019-01-29 00:00,제주,서귀포시,57.3,보통
1419,2019-01-29 00:00,제주,제주시,57.3,보통
1418,2019-01-30 00:00,제주,제주시,31.92,나쁨
335,2019-01-30 00:00,제주,서귀포시,31.92,나쁨
1417,2019-01-31 00:00,제주,제주시,10.58,나쁨
334,2019-01-31 00:00,제주,서귀포시,18.09,나쁨
333,2019-02-01 00:00,제주,서귀포시,51.39,보통
1416,2019-02-01 00:00,제주,제주시,45.44,보통
332,2019-02-02 00:00,제주,서귀포시,55.76,보통
1415,2019-02-02 00:00,제주,제주시,58.59,보통
331,2019-02-03 00:00,제주,서귀포시,29.43,나쁨
1414,2019-02-03 00:00,제주,제주시,33.55,나쁨
330,2019-02-04 00:00,제주,서귀포시,61.71,좋음
1413,2019-02-04 00:00,제주,제주시,55.76,보통
329,2019-02-05 00:00,제주,서귀포시,57.05,보통
1412,2019-02-05 00:00,제주,제주시,58.59,보통
1411,2019-02-06 00:00,제주,제주시,63.0,좋음
328,2019-02-06 00:00,제주,서귀포시,63.0,좋음
1410,2019-02-07 00:00,제주,제주시,28.8,나쁨
327,2019-02-07 00:00,제주,서귀포시,31.67,나쁨
326,2019-02-08 00:00,제주,서귀포시,49.81,보통
1409,2019-02-08 00:00,제주,제주시,44.11,보통
325,2019-02-09 00:00,제주,서귀포시,42.34,보통
1408,2019-02-09 00:00,제주,제주시,39.26,나쁨
1407,2019-02-10 00:00,제주,제주시,46.98,보통
324,2019-02-10 00:00,제주,서귀포시,48.52,보통
1406,2019-02-11 00:00,제주,제주시,42.34,보통
323,2019-02-11 00:00,제주,서귀포시,45.42,보통
1405,2019-02-12 00:00,제주,제주시,51.35,보통
322,2019-02-12 00:00,제주,서귀포시,52.89,보통
1404,2019-02-13 00:00,제주,제주시,49.81,보통
321,2019-02-13 00:00,제주,서귀포시,51.35,보통
320,2019-02-14 00:00,제주,서귀포시,52.89,보통
1403,2019-02-14 00:00,제주,제주시,51.35,보통
319,2019-02-15 00:00,제주,서귀포시,30.32,나쁨
1402,2019-02-15 00:00,제주,제주시,32.04,나쁨
1401,2019-02-16 00:00,제주,제주시,45.44,보통
318,2019-02-16 00:00,제주,서귀포시,51.35,보통
317,2019-02-17 00:00,제주,서귀포시,50.06,보통
1400,2019-02-17 00:00,제주,제주시,46.98,보통
1399,2019-02-18 00:00,제주,제주시,25.85,나쁨
316,2019-02-18 00:00,제주,서귀포시,23.98,나쁨
1398,2019-02-19 00:00,제주,제주시,25.27,나쁨
315,2019-02-19 00:00,제주,서귀포시,29.68,나쁨
1397,2019-02-20 00:00,제주,제주시,51.35,보통
314,2019-02-20 00:00,제주,서귀포시,55.76,보통
313,2019-02-21 00:00,제주,서귀포시,55.76,보통
1396,2019-02-21 00:00,제주,제주시,51.35,보통
1395,2019-02-22 00:00,제주,제주시,31.92,나쁨
312,2019-02-22 00:00,제주,서귀포시,30.32,나쁨
311,2019-02-23 00:00,제주,서귀포시,57.05,보통
1394,2019-02-23 00:00,제주,제주시,57.05,보통
310,2019-02-24 00:00,제주,서귀포시,61.46,좋음
1393,2019-02-24 00:00,제주,제주시,61.46,좋음
309,2019-02-25 00:00,제주,서귀포시,58.59,보통
1392,2019-02-25 00:00,제주,제주시,57.05,보통
308,2019-02-26 00:00,제주,서귀포시,63.0,좋음
1391,2019-02-26 00:00,제주,제주시,60.17,좋음
1390,2019-02-27 00:00,제주,제주시,36.08,나쁨
307,2019-02-27 00:00,제주,서귀포시,33.21,나쁨
306,2019-02-28 00:00,제주,서귀포시,49.58,보통
1389,2019-02-28 00:00,제주,제주시,49.58,보통
305,2019-03-01 00:00,제주,서귀포시,64.01,좋음
1388,2019-03-01 00:00,제주,제주시,65.52,좋음
304,2019-03-02 00:00,제주,서귀포시,31.27,나쁨
1387,2019-03-02 00:00,제주,제주시,32.78,나쁨
303,2019-03-03 00:00,제주,서귀포시,29.59,나쁨
1386,2019-03-03 00:00,제주,제주시,32.32,나쁨
1385,2019-03-04 00:00,제주,제주시,25.52,나쁨
302,2019-03-04 00:00,제주,서귀포시,33.58,나쁨
1384,2019-03-05 00:00,제주,제주시,59.74,보통
301,2019-03-05 00:00,제주,서귀포시,59.74,보통
300,2019-03-06 00:00,제주,서귀포시,28.08,나쁨
1383,2019-03-06 00:00,제주,제주시,24.72,나쁨
299,2019-03-07 00:00,제주,서귀포시,61.45,좋음
1382,2019-03-07 00:00,제주,제주시,59.94,보통
1381,2019-03-08 00:00,제주,제주시,66.36,좋음
298,2019-03-08 00:00,제주,서귀포시,66.36,좋음
1380,2019-03-09 00:00,제주,제주시,33.66,나쁨
297,2019-03-09 00:00,제주,서귀포시,30.64,나쁨
296,2019-03-10 00:00,제주,서귀포시,25.6,나쁨
1379,2019-03-10 00:00,제주,제주시,24.09,나쁨
295,2019-03-11 00:00,제주,서귀포시,49.92,보통
1378,2019-03-11 00:00,제주,제주시,29.76,나쁨
1377,2019-03-12 00:00,제주,제주시,33.54,나쁨
294,2019-03-12 00:00,제주,서귀포시,56.72,보통
1376,2019-03-13 00:00,제주,제주시,64.39,좋음
293,2019-03-13 00:00,제주,서귀포시,63.34,좋음
292,2019-03-14 00:00,제주,서귀포시,62.96,좋음
1375,2019-03-14 00:00,제주,제주시,64.01,좋음
291,2019-03-15 00:00,제주,서귀포시,22.33,나쁨
1374,2019-03-15 00:00,제주,제주시,25.06,나쁨
1373,2019-03-16 00:00,제주,제주시,62.5,좋음
290,2019-03-16 00:00,제주,서귀포시,62.5,좋음
1372,2019-03-17 00:00,제주,제주시,68.92,좋음
289,2019-03-17 00:00,제주,서귀포시,70.43,좋음
288,2019-03-18 00:00,제주,서귀포시,32.61,나쁨
1371,2019-03-18 00:00,제주,제주시,34.29,나쁨
287,2019-03-19 00:00,제주,서귀포시,53.88,보통
1370,2019-03-19 00:00,제주,제주시,72.99,좋음
286,2019-03-20 00:00,제주,서귀포시,26.65,나쁨
1369,2019-03-20 00:00,제주,제주시,29.8,나쁨
285,2019-03-21 00:00,제주,서귀포시,61.84,좋음
1368,2019-03-21 00:00,제주,제주시,55.21,보통
284,2019-03-22 00:00,제주,서귀포시,54.16,보통
1367,2019-03-22 00:00,제주,제주시,52.65,보통
283,2019-03-23 00:00,제주,서귀포시,54.16,보통
1366,2019-03-23 00:00,제주,제주시,53.7,보통
1365,2019-03-24 00:00,제주,제주시,64.85,좋음
282,2019-03-24 00:00,제주,서귀포시,62.29,좋음
1364,2019-03-25 00:00,제주,제주시,59.74,보통
281,2019-03-25 00:00,제주,서귀포시,57.18,보통
1363,2019-03-26 00:00,제주,제주시,68.46,좋음
280,2019-03-26 00:00,제주,서귀포시,71.02,좋음
279,2019-03-27 00:00,제주,서귀포시,60.79,좋음
1362,2019-03-27 00:00,제주,제주시,68.47,좋음
278,2019-03-28 00:00,제주,서귀포시,64.86,좋음
1361,2019-03-28 00:00,제주,제주시,62.3,좋음
277,2019-03-29 00:00,제주,서귀포시,63.81,좋음
1360,2019-03-29 00:00,제주,제주시,62.3,좋음
276,2019-03-30 00:00,제주,서귀포시,32.32,나쁨
1359,2019-03-30 00:00,제주,제주시,30.81,나쁨
275,2019-03-31 00:00,제주,서귀포시,59.94,보통
1358,2019-03-31 00:00,제주,제주시,53.9,보통
274,2019-04-01 00:00,제주,서귀포시,59.94,보통
1357,2019-04-01 00:00,제주,제주시,60.99,좋음
1356,2019-04-02 00:00,제주,제주시,65.52,좋음
273,2019-04-02 00:00,제주,서귀포시,65.52,좋음
1355,2019-04-03 00:00,제주,제주시,67.41,좋음
272,2019-04-03 00:00,제주,서귀포시,67.41,좋음
271,2019-04-04 00:00,제주,서귀포시,64.01,좋음
1354,2019-04-04 00:00,제주,제주시,64.01,좋음
270,2019-04-05 00:00,제주,서귀포시,67.62,좋음
1353,2019-04-05 00:00,제주,제주시,67.62,좋음
1352,2019-04-06 00:00,제주,제주시,79.16,좋음
269,2019-04-06 00:00,제주,서귀포시,74.04,좋음
1351,2019-04-07 00:00,제주,제주시,43.9,보통
268,2019-04-07 00:00,제주,서귀포시,36.22,나쁨
267,2019-04-08 00:00,제주,서귀포시,70.64,좋음
1350,2019-04-08 00:00,제주,제주시,73.2,좋음
266,2019-04-09 00:00,제주,서귀포시,25.14,나쁨
1349,2019-04-09 00:00,제주,제주시,34.33,나쁨
1348,2019-04-10 00:00,제주,제주시,28.96,나쁨
265,2019-04-10 00:00,제주,서귀포시,38.7,나쁨
1347,2019-04-11 00:00,제주,제주시,55.5,보통
264,2019-04-11 00:00,제주,서귀포시,52.94,보통
263,2019-04-12 00:00,제주,서귀포시,72.99,좋음
1346,2019-04-12 00:00,제주,제주시,72.99,좋음
262,2019-04-13 00:00,제주,서귀포시,63.81,좋음
1345,2019-04-13 00:00,제주,제주시,63.81,좋음
1344,2019-04-14 00:00,제주,제주시,41.68,보통
261,2019-04-14 00:00,제주,서귀포시,59.28,보통
1343,2019-04-15 00:00,제주,제주시,72.99,좋음
260,2019-04-15 00:00,제주,서귀포시,71.48,좋음
1342,2019-04-16 00:00,제주,제주시,51.33,보통
259,2019-04-16 00:00,제주,서귀포시,44.7,보통
1341,2019-04-17 00:00,제주,제주시,58.06,보통
258,2019-04-17 00:00,제주,서귀포시,38.7,나쁨
1340,2019-04-18 00:00,제주,제주시,88.35,매우좋음
257,2019-04-18 00:00,제주,서귀포시,76.6,좋음
256,2019-04-19 00:00,제주,서귀포시,70.18,좋음
1339,2019-04-19 00:00,제주,제주시,75.3,좋음
255,2019-04-20 00:00,제주,서귀포시,77.65,좋음
1338,2019-04-20 00:00,제주,제주시,84.28,매우좋음
254,2019-04-21 00:00,제주,서귀포시,74.05,좋음
1337,2019-04-21 00:00,제주,제주시,81.73,매우좋음
1336,2019-04-22 00:00,제주,제주시,85.34,매우좋음
253,2019-04-22 00:00,제주,서귀포시,77.66,좋음
1335,2019-04-23 00:00,제주,제주시,48.64,보통
252,2019-04-23 00:00,제주,서귀포시,36.89,나쁨
1334,2019-04-24 00:00,제주,제주시,79.76,좋음
251,2019-04-24 00:00,제주,서귀포시,57.84,보통
1333,2019-04-25 00:00,제주,제주시,65.91,좋음
250,2019-04-25 00:00,제주,서귀포시,71.49,좋음
249,2019-04-26 00:00,제주,서귀포시,56.55,보통
1332,2019-04-26 00:00,제주,제주시,35.68,나쁨
248,2019-04-27 00:00,제주,서귀포시,59.28,보통
1331,2019-04-27 00:00,제주,제주시,61.84,좋음
247,2019-04-28 00:00,제주,서귀포시,34.88,나쁨
1330,2019-04-28 00:00,제주,제주시,41.51,보통
246,2019-04-29 00:00,제주,서귀포시,37.35,나쁨
1329,2019-04-29 00:00,제주,제주시,35.84,나쁨
245,2019-04-30 00:00,제주,서귀포시,43.82,보통
1328,2019-04-30 00:00,제주,제주시,43.82,보통
244,2019-05-01 00:00,제주,서귀포시,71.03,좋음
1327,2019-05-01 00:00,제주,제주시,64.4,좋음
1326,2019-05-02 00:00,제주,제주시,72.53,좋음
243,2019-05-02 00:00,제주,서귀포시,81.72,매우좋음
1325,2019-05-03 00:00,제주,제주시,84.28,매우좋음
242,2019-05-03 00:00,제주,서귀포시,88.35,매우좋음
1324,2019-05-04 00:00,제주,제주시,87.51,매우좋음
241,2019-05-04 00:00,제주,서귀포시,87.51,매우좋음
240,2019-05-05 00:00,제주,서귀포시,79.83,좋음
1323,2019-05-05 00:00,제주,제주시,88.56,매우좋음
239,2019-05-06 00:00,제주,서귀포시,69.13,좋음
1322,2019-05-06 00:00,제주,제주시,67.62,좋음
1321,2019-05-07 00:00,제주,제주시,74.04,좋음
238,2019-05-07 00:00,제주,서귀포시,74.04,좋음
237,2019-05-08 00:00,제주,서귀포시,68.93,좋음
1320,2019-05-08 00:00,제주,제주시,67.42,좋음
236,2019-05-09 00:00,제주,서귀포시,64.86,좋음
1319,2019-05-09 00:00,제주,제주시,68.93,좋음
235,2019-05-10 00:00,제주,서귀포시,78.32,좋음
1318,2019-05-10 00:00,제주,제주시,82.39,매우좋음
1317,2019-05-11 00:00,제주,제주시,87.51,매우좋음
234,2019-05-11 00:00,제주,서귀포시,86.0,매우좋음
1316,2019-05-12 00:00,제주,제주시,88.56,매우좋음
233,2019-05-12 00:00,제주,서귀포시,87.51,매우좋음
1315,2019-05-13 00:00,제주,제주시,86.85,매우좋음
232,2019-05-13 00:00,제주,서귀포시,80.22,매우좋음
1314,2019-05-14 00:00,제주,제주시,87.9,매우좋음
231,2019-05-14 00:00,제주,서귀포시,67.03,좋음
1313,2019-05-15 00:00,제주,제주시,87.9,매우좋음
230,2019-05-15 00:00,제주,서귀포시,85.34,매우좋음
229,2019-05-16 00:00,제주,서귀포시,82.32,매우좋음
1312,2019-05-16 00:00,제주,제주시,87.9,매우좋음
228,2019-05-17 00:00,제주,서귀포시,54.73,보통
1311,2019-05-17 00:00,제주,제주시,56.24,보통
1310,2019-05-18 00:00,제주,제주시,45.16,보통
227,2019-05-18 00:00,제주,서귀포시,48.18,보통
1309,2019-05-19 00:00,제주,제주시,76.57,좋음
226,2019-05-19 00:00,제주,서귀포시,59.77,보통
225,2019-05-20 00:00,제주,서귀포시,71.03,좋음
1308,2019-05-20 00:00,제주,제주시,55.28,보통
1307,2019-05-21 00:00,제주,제주시,87.89,매우좋음
224,2019-05-21 00:00,제주,서귀포시,83.82,매우좋음
1306,2019-05-22 00:00,제주,제주시,95.57,매우좋음
223,2019-05-22 00:00,제주,서귀포시,88.94,매우좋음
1305,2019-05-23 00:00,제주,제주시,95.57,매우좋음
222,2019-05-23 00:00,제주,서귀포시,94.06,매우좋음
221,2019-05-24 00:00,제주,서귀포시,94.06,매우좋음
1304,2019-05-24 00:00,제주,제주시,91.5,매우좋음
1303,2019-05-25 00:00,제주,제주시,83.44,매우좋음
220,2019-05-25 00:00,제주,서귀포시,92.17,매우좋음
1302,2019-05-26 00:00,제주,제주시,84.88,매우좋음
219,2019-05-26 00:00,제주,서귀포시,84.88,매우좋음
218,2019-05-27 00:00,제주,서귀포시,45.62,보통
1301,2019-05-27 00:00,제주,제주시,49.69,보통
217,2019-05-28 00:00,제주,서귀포시,83.44,매우좋음
1300,2019-05-28 00:00,제주,제주시,88.56,매우좋음
1299,2019-05-29 00:00,제주,제주시,95.57,매우좋음
216,2019-05-29 00:00,제주,서귀포시,95.57,매우좋음
215,2019-05-30 00:00,제주,서귀포시,87.9,매우좋음
1298,2019-05-30 00:00,제주,제주시,87.9,매우좋음
214,2019-05-31 00:00,제주,서귀포시,49.65,보통
1297,2019-05-31 00:00,제주,제주시,58.38,보통
1296,2019-06-01 00:00,제주,제주시,89.16,매우좋음
213,2019-06-01 00:00,제주,서귀포시,86.62,매우좋음
212,2019-06-02 00:00,제주,서귀포시,90.83,매우좋음
1295,2019-06-02 00:00,제주,제주시,89.16,매우좋음
211,2019-06-03 00:00,제주,서귀포시,96.75,매우좋음
1294,2019-06-03 00:00,제주,제주시,95.08,매우좋음
1293,2019-06-04 00:00,제주,제주시,89.16,매우좋음
210,2019-06-04 00:00,제주,서귀포시,84.32,매우좋음
1292,2019-06-05 00:00,제주,제주시,98.23,매우좋음
209,2019-06-05 00:00,제주,서귀포시,98.23,매우좋음
1291,2019-06-06 00:00,제주,제주시,57.34,보통
208,2019-06-06 00:00,제주,서귀포시,49.16,보통
207,2019-06-07 00:00,제주,서귀포시,58.17,보통
1290,2019-06-07 00:00,제주,제주시,77.64,좋음
1289,2019-06-08 00:00,제주,제주시,63.18,좋음
206,2019-06-08 00:00,제주,서귀포시,78.44,좋음
1288,2019-06-09 00:00,제주,제주시,87.49,매우좋음
205,2019-06-09 00:00,제주,서귀포시,84.95,매우좋음
1287,2019-06-10 00:00,제주,제주시,87.49,매우좋음
204,2019-06-10 00:00,제주,서귀포시,82.41,매우좋음
203,2019-06-11 00:00,제주,서귀포시,64.61,좋음
1286,2019-06-11 00:00,제주,제주시,59.62,보통
1285,2019-06-12 00:00,제주,제주시,86.62,매우좋음
202,2019-06-12 00:00,제주,서귀포시,85.75,매우좋음
1284,2019-06-13 00:00,제주,제주시,94.89,매우좋음
201,2019-06-13 00:00,제주,서귀포시,90.68,매우좋음
1283,2019-06-14 00:00,제주,제주시,52.5,보통
200,2019-06-14 00:00,제주,서귀포시,48.29,보통
1282,2019-06-15 00:00,제주,제주시,90.07,매우좋음
199,2019-06-15 00:00,제주,서귀포시,87.53,매우좋음
198,2019-06-16 00:00,제주,서귀포시,93.41,매우좋음
1281,2019-06-16 00:00,제주,제주시,85.82,매우좋음
1280,2019-06-17 00:00,제주,제주시,90.83,매우좋음
197,2019-06-17 00:00,제주,서귀포시,89.16,매우좋음
1279,2019-06-18 00:00,제주,제주시,82.65,매우좋음
196,2019-06-18 00:00,제주,서귀포시,57.84,보통
1278,2019-06-19 00:00,제주,제주시,89.16,매우좋음
195,2019-06-19 00:00,제주,서귀포시,89.16,매우좋음
1277,2019-06-20 00:00,제주,제주시,96.75,매우좋음
194,2019-06-20 00:00,제주,서귀포시,95.08,매우좋음
193,2019-06-21 00:00,제주,서귀포시,84.32,매우좋음
1276,2019-06-21 00:00,제주,제주시,90.83,매우좋음
1275,2019-06-22 00:00,제주,제주시,66.13,좋음
192,2019-06-22 00:00,제주,서귀포시,87.49,매우좋음
191,2019-06-23 00:00,제주,서귀포시,91.74,매우좋음
1274,2019-06-23 00:00,제주,제주시,93.41,매우좋음
1273,2019-06-24 00:00,제주,제주시,96.75,매우좋음
190,2019-06-24 00:00,제주,서귀포시,95.08,매우좋음
1272,2019-06-25 00:00,제주,제주시,93.22,매우좋음
189,2019-06-25 00:00,제주,서귀포시,91.55,매우좋음
1271,2019-06-26 00:00,제주,제주시,50.83,보통
188,2019-06-26 00:00,제주,서귀포시,50.83,보통
1270,2019-06-27 00:00,제주,제주시,80.13,매우좋음
187,2019-06-27 00:00,제주,서귀포시,63.18,좋음
1269,2019-06-28 00:00,제주,제주시,90.83,매우좋음
186,2019-06-28 00:00,제주,서귀포시,89.16,매우좋음
185,2019-06-29 00:00,제주,서귀포시,52.5,보통
1268,2019-06-29 00:00,제주,제주시,39.9,나쁨
1267,2019-06-30 00:00,제주,제주시,64.0,좋음
184,2019-06-30 00:00,제주,서귀포시,61.18,좋음
183,2019-07-01 00:00,제주,서귀포시,62.85,좋음
1266,2019-07-01 00:00,제주,제주시,85.99,매우좋음
1265,2019-07-02 00:00,제주,제주시,90.83,매우좋음
182,2019-07-02 00:00,제주,서귀포시,90.83,매우좋음
1264,2019-07-03 00:00,제주,제주시,61.29,좋음
181,2019-07-03 00:00,제주,서귀포시,55.95,보통
1263,2019-07-04 00:00,제주,제주시,98.23,매우좋음
180,2019-07-04 00:00,제주,서귀포시,98.23,매우좋음
1262,2019-07-05 00:00,제주,제주시,89.16,매우좋음
179,2019-07-05 00:00,제주,서귀포시,90.83,매우좋음
178,2019-07-06 00:00,제주,서귀포시,94.89,매우좋음
1261,2019-07-06 00:00,제주,제주시,93.22,매우좋음
177,2019-07-07 00:00,제주,서귀포시,64.46,좋음
1260,2019-07-07 00:00,제주,제주시,85.82,매우좋음
176,2019-07-08 00:00,제주,서귀포시,63.18,좋음
1259,2019-07-08 00:00,제주,제주시,54.39,보통
1258,2019-07-09 00:00,제주,제주시,85.82,매우좋음
175,2019-07-09 00:00,제주,서귀포시,87.49,매우좋음
174,2019-07-10 00:00,제주,서귀포시,49.16,보통
1257,2019-07-10 00:00,제주,제주시,47.49,보통
1256,2019-07-11 00:00,제주,제주시,68.02,좋음
173,2019-07-11 00:00,제주,서귀포시,85.82,매우좋음
172,2019-07-12 00:00,제주,서귀포시,90.83,매우좋음
1255,2019-07-12 00:00,제주,제주시,89.16,매우좋음
1254,2019-07-13 00:00,제주,제주시,52.5,보통
171,2019-07-13 00:00,제주,서귀포시,54.17,보통
1253,2019-07-14 00:00,제주,제주시,95.08,매우좋음
170,2019-07-14 00:00,제주,서귀포시,90.83,매우좋음
169,2019-07-15 00:00,제주,서귀포시,96.75,매우좋음
1252,2019-07-15 00:00,제주,제주시,95.08,매우좋음
168,2019-07-16 00:00,제주,서귀포시,89.16,매우좋음
1251,2019-07-16 00:00,제주,제주시,79.93,좋음
167,2019-07-17 00:00,제주,서귀포시,59.62,보통
1250,2019-07-17 00:00,제주,제주시,50.28,보통
166,2019-07-18 00:00,제주,서귀포시,54.17,보통
1249,2019-07-18 00:00,제주,제주시,42.42,보통
165,2019-07-19 00:00,제주,서귀포시,39.11,나쁨
1248,2019-07-19 00:00,제주,제주시,23.95,나쁨
164,2019-07-20 00:00,제주,서귀포시,39.11,나쁨
1247,2019-07-20 00:00,제주,제주시,26.49,나쁨
163,2019-07-21 00:00,제주,서귀포시,74.27,좋음
1246,2019-07-21 00:00,제주,제주시,52.98,보통
162,2019-07-22 00:00,제주,서귀포시,50.91,보통
1245,2019-07-22 00:00,제주,제주시,21.33,나쁨
161,2019-07-23 00:00,제주,서귀포시,84.12,매우좋음
1244,2019-07-23 00:00,제주,제주시,47.05,보통
160,2019-07-24 00:00,제주,서귀포시,84.12,매우좋음
1243,2019-07-24 00:00,제주,제주시,44.51,보통
159,2019-07-25 00:00,제주,서귀포시,60.98,좋음
1242,2019-07-25 00:00,제주,제주시,53.58,보통
158,2019-07-26 00:00,제주,서귀포시,50.91,보통
1241,2019-07-26 00:00,제주,제주시,52.1,보통
157,2019-07-27 00:00,제주,서귀포시,57.64,보통
1240,2019-07-27 00:00,제주,제주시,41.97,보통
156,2019-07-28 00:00,제주,서귀포시,51.86,보통
1239,2019-07-28 00:00,제주,제주시,53.8,보통
155,2019-07-29 00:00,제주,서귀포시,83.94,매우좋음
1238,2019-07-29 00:00,제주,제주시,58.64,보통
154,2019-07-30 00:00,제주,서귀포시,69.81,좋음
1237,2019-07-30 00:00,제주,제주시,51.91,보통
153,2019-07-31 00:00,제주,서귀포시,74.01,좋음
1236,2019-07-31 00:00,제주,제주시,54.38,보통
152,2019-08-01 00:00,제주,서귀포시,79.07,좋음
1235,2019-08-01 00:00,제주,제주시,51.04,보통
1234,2019-08-02 00:00,제주,제주시,56.12,보통
151,2019-08-02 00:00,제주,서귀포시,78.01,좋음
1233,2019-08-03 00:00,제주,제주시,47.05,보통
150,2019-08-03 00:00,제주,서귀포시,63.9,좋음
1232,2019-08-04 00:00,제주,제주시,51.91,보통
149,2019-08-04 00:00,제주,서귀포시,73.82,좋음
1231,2019-08-05 00:00,제주,제주시,56.99,보통
148,2019-08-05 00:00,제주,서귀포시,77.21,좋음
1230,2019-08-06 00:00,제주,제주시,48.8,보통
147,2019-08-06 00:00,제주,서귀포시,41.24,보통
1229,2019-08-07 00:00,제주,제주시,56.1,보통
146,2019-08-07 00:00,제주,서귀포시,70.43,좋음
1228,2019-08-08 00:00,제주,제주시,18.65,나쁨
145,2019-08-08 00:00,제주,서귀포시,32.86,나쁨
1227,2019-08-09 00:00,제주,제주시,31.85,나쁨
144,2019-08-09 00:00,제주,서귀포시,52.09,보통
1226,2019-08-10 00:00,제주,제주시,13.19,나쁨
143,2019-08-10 00:00,제주,서귀포시,10.39,나쁨
1225,2019-08-11 00:00,제주,제주시,6.18,나쁨
142,2019-08-11 00:00,제주,서귀포시,20.49,나쁨
1224,2019-08-12 00:00,제주,제주시,4.44,나쁨
141,2019-08-12 00:00,제주,서귀포시,17.12,나쁨
1223,2019-08-13 00:00,제주,제주시,53.58,보통
140,2019-08-13 00:00,제주,서귀포시,62.83,좋음
1222,2019-08-14 00:00,제주,제주시,41.97,보통
139,2019-08-14 00:00,제주,서귀포시,41.97,보통
1221,2019-08-15 00:00,제주,제주시,38.87,나쁨
138,2019-08-15 00:00,제주,서귀포시,43.08,보통
137,2019-08-16 00:00,제주,서귀포시,50.7,보통
1220,2019-08-16 00:00,제주,제주시,18.27,나쁨
136,2019-08-17 00:00,제주,서귀포시,68.8,좋음
1219,2019-08-17 00:00,제주,제주시,56.99,보통
135,2019-08-18 00:00,제주,서귀포시,63.07,좋음
1218,2019-08-18 00:00,제주,제주시,66.4,좋음
134,2019-08-19 00:00,제주,서귀포시,84.12,매우좋음
1217,2019-08-19 00:00,제주,제주시,74.0,좋음
133,2019-08-20 00:00,제주,서귀포시,41.53,보통
1216,2019-08-20 00:00,제주,제주시,23.31,나쁨
132,2019-08-21 00:00,제주,서귀포시,36.47,나쁨
1215,2019-08-21 00:00,제주,제주시,11.19,나쁨
1214,2019-08-22 00:00,제주,제주시,10.54,나쁨
131,2019-08-22 00:00,제주,서귀포시,27.26,나쁨
130,2019-08-23 00:00,제주,서귀포시,78.23,좋음
1213,2019-08-23 00:00,제주,제주시,72.33,좋음
129,2019-08-24 00:00,제주,서귀포시,90.83,매우좋음
1212,2019-08-24 00:00,제주,제주시,84.12,매우좋음
1211,2019-08-25 00:00,제주,제주시,52.69,보통
128,2019-08-25 00:00,제주,서귀포시,55.84,보통
127,2019-08-26 00:00,제주,서귀포시,41.47,보통
1210,2019-08-26 00:00,제주,제주시,44.94,보통
126,2019-08-27 00:00,제주,서귀포시,33.15,나쁨
1209,2019-08-27 00:00,제주,제주시,12.89,나쁨
1208,2019-08-28 00:00,제주,제주시,41.53,보통
125,2019-08-28 00:00,제주,서귀포시,49.13,보통
1207,2019-08-29 00:00,제주,제주시,55.84,보통
124,2019-08-29 00:00,제주,서귀포시,55.84,보통
1206,2019-08-30 00:00,제주,제주시,82.45,매우좋음
123,2019-08-30 00:00,제주,서귀포시,89.16,매우좋음
1205,2019-08-31 00:00,제주,제주시,84.12,매우좋음
122,2019-08-31 00:00,제주,서귀포시,90.83,매우좋음
121,2019-09-01 00:00,제주,서귀포시,50.99,보통
1204,2019-09-01 00:00,제주,제주시,49.3,보통
120,2019-09-02 00:00,제주,서귀포시,48.62,보통
1203,2019-09-02 00:00,제주,제주시,46.93,보통
119,2019-09-03 00:00,제주,서귀포시,47.94,보통
1202,2019-09-03 00:00,제주,제주시,34.44,나쁨
118,2019-09-04 00:00,제주,서귀포시,50.99,보통
1201,2019-09-04 00:00,제주,제주시,36.81,나쁨
117,2019-09-05 00:00,제주,서귀포시,46.25,보통
1200,2019-09-05 00:00,제주,제주시,32.75,나쁨
116,2019-09-06 00:00,제주,서귀포시,30.36,나쁨
1199,2019-09-06 00:00,제주,제주시,23.29,나쁨
1198,2019-09-07 00:00,제주,제주시,17.23,나쁨
115,2019-09-07 00:00,제주,서귀포시,29.0,나쁨
1197,2019-09-08 00:00,제주,제주시,46.25,보통
114,2019-09-08 00:00,제주,서귀포시,50.99,보통
113,2019-09-09 00:00,제주,서귀포시,44.56,보통
1196,2019-09-09 00:00,제주,제주시,19.25,나쁨
112,2019-09-10 00:00,제주,서귀포시,85.52,매우좋음
1195,2019-09-10 00:00,제주,제주시,62.56,좋음
111,2019-09-11 00:00,제주,서귀포시,72.0,좋음
1194,2019-09-11 00:00,제주,제주시,46.93,보통
1193,2019-09-12 00:00,제주,제주시,48.95,보통
110,2019-09-12 00:00,제주,서귀포시,70.66,좋음
109,2019-09-13 00:00,제주,서귀포시,94.83,매우좋음
1192,2019-09-13 00:00,제주,제주시,94.83,매우좋음
1191,2019-09-14 00:00,제주,제주시,96.52,매우좋음
108,2019-09-14 00:00,제주,서귀포시,96.52,매우좋음
1190,2019-09-15 00:00,제주,제주시,83.83,매우좋음
107,2019-09-15 00:00,제주,서귀포시,86.2,매우좋음
1189,2019-09-16 00:00,제주,제주시,86.2,매우좋음
106,2019-09-16 00:00,제주,서귀포시,86.2,매우좋음
105,2019-09-17 00:00,제주,서귀포시,94.83,매우좋음
1188,2019-09-17 00:00,제주,제주시,84.51,매우좋음
1187,2019-09-18 00:00,제주,제주시,94.83,매우좋음
104,2019-09-18 00:00,제주,서귀포시,96.52,매우좋음
1186,2019-09-19 00:00,제주,제주시,94.83,매우좋음
103,2019-09-19 00:00,제주,서귀포시,94.83,매우좋음
1185,2019-09-20 00:00,제주,제주시,61.22,좋음
102,2019-09-20 00:00,제주,서귀포시,61.22,좋음
101,2019-09-21 00:00,제주,서귀포시,37.47,나쁨
1184,2019-09-21 00:00,제주,제주시,40.85,보통
100,2019-09-22 00:00,제주,서귀포시,37.47,나쁨
1183,2019-09-22 00:00,제주,제주시,37.47,나쁨
99,2019-09-23 00:00,제주,서귀포시,84.51,매우좋음
1182,2019-09-23 00:00,제주,제주시,82.82,매우좋음
98,2019-09-24 00:00,제주,서귀포시,91.82,매우좋음
1181,2019-09-24 00:00,제주,제주시,96.52,매우좋음
97,2019-09-25 00:00,제주,서귀포시,86.2,매우좋음
1180,2019-09-25 00:00,제주,제주시,84.51,매우좋음
96,2019-09-26 00:00,제주,서귀포시,79.79,좋음
1179,2019-09-26 00:00,제주,제주시,60.1,좋음
1178,2019-09-27 00:00,제주,제주시,43.99,보통
95,2019-09-27 00:00,제주,서귀포시,50.99,보통
94,2019-09-28 00:00,제주,서귀포시,50.99,보통
1177,2019-09-28 00:00,제주,제주시,48.62,보통
93,2019-09-29 00:00,제주,서귀포시,81.48,매우좋음
1176,2019-09-29 00:00,제주,제주시,50.99,보통
92,2019-09-30 00:00,제주,서귀포시,52.79,보통
1175,2019-09-30 00:00,제주,제주시,56.39,보통
91,2019-10-01 00:00,제주,서귀포시,47.61,보통
1174,2019-10-01 00:00,제주,제주시,47.61,보통
1173,2019-10-02 00:00,제주,제주시,35.1,나쁨
90,2019-10-02 00:00,제주,서귀포시,37.47,나쁨
1172,2019-10-03 00:00,제주,제주시,54.81,보통
89,2019-10-03 00:00,제주,서귀포시,54.7,보통
88,2019-10-04 00:00,제주,서귀포시,94.65,매우좋음
1171,2019-10-04 00:00,제주,제주시,92.96,매우좋음
87,2019-10-05 00:00,제주,서귀포시,83.85,매우좋음
1170,2019-10-05 00:00,제주,제주시,78.1,좋음
86,2019-10-06 00:00,제주,서귀포시,84.51,매우좋음
1169,2019-10-06 00:00,제주,제주시,54.7,보통
85,2019-10-07 00:00,제주,서귀포시,56.39,보통
1168,2019-10-07 00:00,제주,제주시,54.7,보통
1167,2019-10-08 00:00,제주,제주시,80.47,매우좋음
84,2019-10-08 00:00,제주,서귀포시,81.5,매우좋음
83,2019-10-09 00:00,제주,서귀포시,84.75,매우좋음
1166,2019-10-09 00:00,제주,제주시,84.75,매우좋음
82,2019-10-10 00:00,제주,서귀포시,91.16,매우좋음
1165,2019-10-10 00:00,제주,제주시,91.82,매우좋음
1164,2019-10-11 00:00,제주,제주시,93.14,매우좋음
81,2019-10-11 00:00,제주,서귀포시,90.79,매우좋음
1163,2019-10-12 00:00,제주,제주시,84.51,매우좋음
80,2019-10-12 00:00,제주,서귀포시,82.16,매우좋음
1162,2019-10-13 00:00,제주,제주시,89.1,매우좋음
79,2019-10-13 00:00,제주,서귀포시,80.34,매우좋음
1161,2019-10-14 00:00,제주,제주시,90.13,매우좋음
78,2019-10-14 00:00,제주,서귀포시,83.06,매우좋음
1160,2019-10-15 00:00,제주,제주시,39.33,나쁨
77,2019-10-15 00:00,제주,서귀포시,60.93,좋음
1159,2019-10-16 00:00,제주,제주시,85.41,매우좋음
76,2019-10-16 00:00,제주,서귀포시,80.69,매우좋음
1158,2019-10-17 00:00,제주,제주시,73.4,좋음
75,2019-10-17 00:00,제주,서귀포시,70.37,좋음
74,2019-10-18 00:00,제주,서귀포시,44.6,보통
1157,2019-10-18 00:00,제주,제주시,46.95,보통
73,2019-10-19 00:00,제주,서귀포시,85.91,매우좋음
1156,2019-10-19 00:00,제주,제주시,88.92,매우좋음
1155,2019-10-20 00:00,제주,제주시,92.48,매우좋음
72,2019-10-20 00:00,제주,서귀포시,89.47,매우좋음
71,2019-10-21 00:00,제주,서귀포시,74.43,좋음
1154,2019-10-21 00:00,제주,제주시,82.16,매우좋음
70,2019-10-22 00:00,제주,서귀포시,76.78,좋음
1153,2019-10-22 00:00,제주,제주시,75.75,좋음
1152,2019-10-23 00:00,제주,제주시,82.82,매우좋음
69,2019-10-23 00:00,제주,서귀포시,78.12,좋음
68,2019-10-24 00:00,제주,서귀포시,47.08,보통
1151,2019-10-24 00:00,제주,제주시,52.46,보통
1150,2019-10-25 00:00,제주,제주시,92.48,매우좋음
67,2019-10-25 00:00,제주,서귀포시,85.91,매우좋음
66,2019-10-26 00:00,제주,서귀포시,63.28,좋음
1149,2019-10-26 00:00,제주,제주시,63.94,좋음
65,2019-10-27 00:00,제주,서귀포시,71.73,좋음
1148,2019-10-27 00:00,제주,제주시,74.76,좋음
1147,2019-10-28 00:00,제주,제주시,76.8,좋음
64,2019-10-28 00:00,제주,서귀포시,66.66,좋음
63,2019-10-29 00:00,제주,서귀포시,68.02,좋음
1146,2019-10-29 00:00,제주,제주시,75.77,좋음
62,2019-10-30 00:00,제주,서귀포시,75.29,좋음
1145,2019-10-30 00:00,제주,제주시,80.01,매우좋음
1144,2019-10-31 00:00,제주,제주시,84.75,매우좋음
61,2019-10-31 00:00,제주,서귀포시,84.09,매우좋음
1143,2019-11-01 00:00,제주,제주시,89.47,매우좋음
60,2019-11-01 00:00,제주,서귀포시,88.81,매우좋음
1142,2019-11-02 00:00,제주,제주시,81.5,매우좋음
59,2019-11-02 00:00,제주,서귀포시,74.43,좋음
1141,2019-11-03 00:00,제주,제주시,70.37,좋음
58,2019-11-03 00:00,제주,서귀포시,65.65,좋음
57,2019-11-04 00:00,제주,서귀포시,36.96,나쁨
1140,2019-11-04 00:00,제주,제주시,40.56,보통
56,2019-11-05 00:00,제주,서귀포시,71.73,좋음
1139,2019-11-05 00:00,제주,제주시,78.82,좋음
55,2019-11-06 00:00,제주,서귀포시,77.66,좋음
1138,2019-11-06 00:00,제주,제주시,82.38,매우좋음
54,2019-11-07 00:00,제주,서귀포시,64.97,좋음
1137,2019-11-07 00:00,제주,제주시,68.0,좋음
53,2019-11-08 00:00,제주,서귀포시,72.92,좋음
1136,2019-11-08 00:00,제주,제주시,69.54,좋음
52,2019-11-09 00:00,제주,서귀포시,75.29,좋음
1135,2019-11-09 00:00,제주,제주시,71.91,좋음
1134,2019-11-10 00:00,제주,제주시,37.64,나쁨
51,2019-11-10 00:00,제주,서귀포시,33.47,나쁨
1133,2019-11-11 00:00,제주,제주시,64.62,좋음
50,2019-11-11 00:00,제주,서귀포시,61.59,좋음
1132,2019-11-12 00:00,제주,제주시,71.73,좋음
49,2019-11-12 00:00,제주,서귀포시,71.73,좋음
1131,2019-11-13 00:00,제주,제주시,38.87,나쁨
48,2019-11-13 00:00,제주,서귀포시,33.47,나쁨
47,2019-11-14 00:00,제주,서귀포시,65.32,좋음
1130,2019-11-14 00:00,제주,제주시,56.87,보통
1129,2019-11-15 00:00,제주,제주시,75.97,좋음
46,2019-11-15 00:00,제주,서귀포시,71.23,좋음
1128,2019-11-16 00:00,제주,제주시,76.8,좋음
45,2019-11-16 00:00,제주,서귀포시,67.34,좋음
1127,2019-11-17 00:00,제주,제주시,52.46,보통
44,2019-11-17 00:00,제주,서귀포시,48.2,보통
43,2019-11-18 00:00,제주,서귀포시,31.23,나쁨
1126,2019-11-18 00:00,제주,제주시,24.23,나쁨
1125,2019-11-19 00:00,제주,제주시,55.18,보통
42,2019-11-19 00:00,제주,서귀포시,54.5,보통
1124,2019-11-20 00:00,제주,제주시,65.32,좋음
41,2019-11-20 00:00,제주,서귀포시,64.64,좋음
1123,2019-11-21 00:00,제주,제주시,63.28,좋음
40,2019-11-21 00:00,제주,서귀포시,62.6,좋음
1122,2019-11-22 00:00,제주,제주시,66.33,좋음
39,2019-11-22 00:00,제주,서귀포시,61.59,좋음
1121,2019-11-23 00:00,제주,제주시,75.09,좋음
38,2019-11-23 00:00,제주,서귀포시,76.78,좋음
1120,2019-11-24 00:00,제주,제주시,46.51,보통
37,2019-11-24 00:00,제주,서귀포시,44.05,보통
36,2019-11-25 00:00,제주,서귀포시,53.49,보통
1119,2019-11-25 00:00,제주,제주시,41.33,보통
1118,2019-11-26 00:00,제주,제주시,31.1,나쁨
35,2019-11-26 00:00,제주,서귀포시,31.1,나쁨
34,2019-11-27 00:00,제주,서귀포시,28.75,나쁨
1117,2019-11-27 00:00,제주,제주시,29.41,나쁨
33,2019-11-28 00:00,제주,서귀포시,60.25,좋음
1116,2019-11-28 00:00,제주,제주시,56.87,보통
1115,2019-11-29 00:00,제주,제주시,66.51,좋음
32,2019-11-29 00:00,제주,서귀포시,70.57,좋음
31,2019-11-30 00:00,제주,서귀포시,71.05,좋음
1114,2019-11-30 00:00,제주,제주시,69.36,좋음
30,2019-12-01 00:00,제주,서귀포시,29.68,나쁨
1113,2019-12-01 00:00,제주,제주시,29.68,나쁨
1112,2019-12-02 00:00,제주,제주시,44.71,보통
29,2019-12-02 00:00,제주,서귀포시,44.71,보통
1111,2019-12-03 00:00,제주,제주시,52.68,보통
28,2019-12-03 00:00,제주,서귀포시,55.76,보통
1110,2019-12-04 00:00,제주,제주시,55.51,보통
27,2019-12-04 00:00,제주,서귀포시,55.76,보통
1109,2019-12-05 00:00,제주,제주시,52.68,보통
26,2019-12-05 00:00,제주,서귀포시,51.35,보통
25,2019-12-06 00:00,제주,서귀포시,48.52,보통
1108,2019-12-06 00:00,제주,제주시,46.98,보통
24,2019-12-07 00:00,제주,서귀포시,51.35,보통
1107,2019-12-07 00:00,제주,제주시,52.68,보통
23,2019-12-08 00:00,제주,서귀포시,55.76,보통
1106,2019-12-08 00:00,제주,제주시,54.22,보통
22,2019-12-09 00:00,제주,서귀포시,60.17,좋음
1105,2019-12-09 00:00,제주,제주시,63.0,좋음
21,2019-12-10 00:00,제주,서귀포시,68.42,좋음
1104,2019-12-10 00:00,제주,제주시,72.54,좋음
1103,2019-12-11 00:00,제주,제주시,-0.34,나쁨
20,2019-12-11 00:00,제주,서귀포시,-0.16,나쁨
1102,2019-12-12 00:00,제주,제주시,-0.3,나쁨
19,2019-12-12 00:00,제주,서귀포시,-0.07,보통
1101,2019-12-13 00:00,제주,제주시,-0.37,나쁨
18,2019-12-13 00:00,제주,서귀포시,-0.35,나쁨
17,2019-12-14 00:00,제주,서귀포시,-0.38,나쁨
1100,2019-12-14 00:00,제주,제주시,-0.32,나쁨
1099,2019-12-15 00:00,제주,제주시,-0.16,나쁨
16,2019-12-15 00:00,제주,서귀포시,-0.16,나쁨
15,2019-12-16 00:00,제주,서귀포시,-0.16,나쁨
1098,2019-12-16 00:00,제주,제주시,-0.07,보통
14,2019-12-17 00:00,제주,서귀포시,-0.8,나쁨
1097,2019-12-17 00:00,제주,제주시,-0.92,나쁨
1096,2019-12-18 00:00,제주,제주시,-0.42,나쁨
13,2019-12-18 00:00,제주,서귀포시,-0.36,나쁨
1095,2019-12-19 00:00,제주,제주시,-0.53,나쁨
12,2019-12-19 00:00,제주,서귀포시,-0.47,나쁨
1094,2019-12-20 00:00,제주,제주시,-0.36,나쁨
11,2019-12-20 00:00,제주,서귀포시,-0.4,나쁨
1093,2019-12-21 00:00,제주,제주시,-0.3,나쁨
10,2019-12-21 00:00,제주,서귀포시,-0.41,나쁨
1092,2019-12-22 00:00,제주,제주시,-0.8,나쁨
9,2019-12-22 00:00,제주,서귀포시,-0.8,나쁨
1091,2019-12-23 00:00,제주,제주시,-0.32,나쁨
8,2019-12-23 00:00,제주,서귀포시,-0.24,나쁨
7,2019-12-24 00:00,제주,서귀포시,-0.2,나쁨
1090,2019-12-24 00:00,제주,제주시,-0.24,나쁨
6,2019-12-25 00:00,제주,서귀포시,-0.59,나쁨
1089,2019-12-25 00:00,제주,제주시,-0.33,나쁨
1088,2019-12-26 00:00,제주,제주시,-0.81,나쁨
5,2019-12-26 00:00,제주,서귀포시,-0.75,나쁨
1087,2019-12-27 00:00,제주,제주시,-0.53,나쁨
4,2019-12-27 00:00,제주,서귀포시,-0.56,나쁨
3,2019-12-28 00:00,제주,서귀포시,-0.18,나쁨
1086,2019-12-28 00:00,제주,제주시,-0.18,나쁨
2,2019-12-29 00:00,제주,서귀포시,-0.97,나쁨
1085,2019-12-29 00:00,제주,제주시,-0.78,나쁨
1,2019-12-30 00:00,제주,서귀포시,-0.38,나쁨
1084,2019-12-30 00:00,제주,제주시,-0.4,나쁨
1083,2019-12-31 00:00,제주,제주시,-0.94,나쁨
0,2019-12-31 00:00,제주,서귀포시,-0.66,나쁨
