,날짜,시군구,관광기후지수
0,20170101,서귀포시,57.3
1,20170101,제주시,58.59
2,20170102,제주시,33.21
3,20170102,서귀포시,37.95
4,20170103,서귀포시,62.72
5,20170103,제주시,65.55
6,20170104,제주시,55.76
7,20170104,서귀포시,57.3
8,20170105,제주시,31.61
9,20170105,서귀포시,34.75
10,20170106,제주시,39.39
11,20170106,서귀포시,39.51
12,20170107,서귀포시,32.88
13,20170107,제주시,37.56
14,20170108,제주시,28.35
15,20170108,서귀포시,34.48
16,20170109,제주시,35.14
17,20170109,서귀포시,52.68
18,20170110,제주시,49.81
19,20170110,서귀포시,54.22
20,20170111,제주시,46.98
21,20170111,서귀포시,51.39
22,20170112,제주시,32.04
23,20170112,서귀포시,29.17
24,20170113,제주시,48.27
25,20170113,서귀포시,52.68
26,20170114,제주시,20.06
27,20170114,서귀포시,26.57
28,20170115,서귀포시,48.52
29,20170115,제주시,45.44
30,20170116,제주시,46.98
31,20170116,서귀포시,48.52
32,20170117,서귀포시,52.89
33,20170117,제주시,51.35
34,20170118,제주시,51.35
35,20170118,서귀포시,51.35
36,20170119,서귀포시,51.35
37,20170119,제주시,51.35
38,20170120,서귀포시,17.19
39,20170120,제주시,15.38
40,20170121,서귀포시,48.52
41,20170121,제주시,46.98
42,20170122,제주시,20.06
43,20170122,서귀포시,23.47
44,20170123,서귀포시,23.74
45,20170123,제주시,20.54
46,20170124,서귀포시,48.52
47,20170124,제주시,46.98
48,20170125,서귀포시,52.93
49,20170125,제주시,52.93
50,20170126,제주시,55.76
51,20170126,서귀포시,57.3
52,20170127,제주시,25.97
53,20170127,서귀포시,30.38
54,20170128,제주시,54.43
55,20170128,서귀포시,55.76
56,20170129,서귀포시,32.88
57,20170129,제주시,34.17
58,20170130,서귀포시,32.27
59,20170130,제주시,13.9
60,20170131,서귀포시,52.93
61,20170131,제주시,45.65
62,20170201,제주시,46.98
63,20170201,서귀포시,46.98
64,20170202,서귀포시,58.31
65,20170202,제주시,53.94
66,20170203,제주시,52.89
67,20170203,서귀포시,57.3
68,20170204,서귀포시,27.06
69,20170204,제주시,31.49
70,20170205,서귀포시,33.33
71,20170205,제주시,27.3
72,20170206,서귀포시,51.39
73,20170206,제주시,43.9
74,20170207,서귀포시,57.3
75,20170207,제주시,50.06
76,20170208,서귀포시,27.51
77,20170208,제주시,23.14
78,20170209,제주시,12.3
79,20170209,서귀포시,15.59
80,20170210,제주시,6.48
81,20170210,서귀포시,9.31
82,20170211,제주시,21.6
83,20170211,서귀포시,18.73
84,20170212,제주시,30.98
85,20170212,서귀포시,51.39
86,20170213,제주시,55.76
87,20170213,서귀포시,54.22
88,20170214,제주시,56.77
89,20170214,서귀포시,56.77
90,20170215,서귀포시,63.0
91,20170215,제주시,57.3
92,20170216,서귀포시,37.85
93,20170216,제주시,43.55
94,20170217,제주시,39.51
95,20170217,서귀포시,36.31
96,20170218,제주시,51.39
97,20170218,서귀포시,51.39
98,20170219,서귀포시,57.09
99,20170219,제주시,59.92
100,20170220,서귀포시,28.47
101,20170220,제주시,29.82
102,20170221,서귀포시,54.22
103,20170221,제주시,54.22
104,20170222,제주시,25.06
105,20170222,서귀포시,23.73
106,20170223,제주시,43.9
107,20170223,서귀포시,48.27
108,20170224,서귀포시,51.39
109,20170224,제주시,51.39
110,20170225,제주시,57.09
111,20170225,서귀포시,54.22
112,20170226,서귀포시,52.89
113,20170226,제주시,54.22
114,20170227,서귀포시,51.35
115,20170227,제주시,52.89
116,20170228,제주시,64.54
117,20170228,서귀포시,60.17
118,20170301,제주시,31.27
119,20170301,서귀포시,25.52
120,20170302,서귀포시,30.73
121,20170302,제주시,50.09
122,20170303,서귀포시,63.8
123,20170303,제주시,65.31
124,20170304,서귀포시,65.52
125,20170304,제주시,67.03
126,20170305,제주시,52.94
127,20170305,서귀포시,52.94
128,20170306,서귀포시,54.82
129,20170306,제주시,55.87
130,20170307,제주시,23.13
131,20170307,서귀포시,44.8
132,20170308,서귀포시,53.31
133,20170308,제주시,50.09
134,20170309,서귀포시,57.38
135,20170309,제주시,60.99
136,20170310,서귀포시,64.01
137,20170310,제주시,65.52
138,20170311,서귀포시,65.52
139,20170311,제주시,65.52
140,20170312,서귀포시,59.74
141,20170312,제주시,59.74
142,20170313,서귀포시,32.78
143,20170313,제주시,28.71
144,20170314,서귀포시,59.94
145,20170314,제주시,59.94
146,20170315,서귀포시,63.8
147,20170315,제주시,64.85
148,20170316,제주시,57.18
149,20170316,서귀포시,57.18
150,20170317,서귀포시,67.41
151,20170317,제주시,70.43
152,20170318,제주시,51.43
153,20170318,서귀포시,52.94
154,20170319,제주시,64.01
155,20170319,서귀포시,64.01
156,20170320,서귀포시,25.6
157,20170320,제주시,28.96
158,20170321,제주시,34.0
159,20170321,서귀포시,54.16
160,20170322,제주시,57.18
161,20170322,서귀포시,57.18
162,20170323,제주시,25.35
163,20170323,서귀포시,28.54
164,20170324,서귀포시,52.94
165,20170324,제주시,52.94
166,20170325,제주시,28.71
167,20170325,서귀포시,30.22
168,20170326,제주시,30.56
169,20170326,서귀포시,30.56
170,20170327,제주시,47.36
171,20170327,서귀포시,37.36
172,20170328,서귀포시,58.23
173,20170328,제주시,42.94
174,20170329,서귀포시,44.7
175,20170329,제주시,46.55
176,20170330,서귀포시,59.74
177,20170330,제주시,62.3
178,20170331,서귀포시,25.35
179,20170331,제주시,22.16
180,20170401,서귀포시,59.94
181,20170401,제주시,59.94
182,20170402,서귀포시,67.41
183,20170402,제주시,67.41
184,20170403,서귀포시,67.41
185,20170403,제주시,72.53
186,20170404,서귀포시,60.79
187,20170404,제주시,68.93
188,20170405,서귀포시,28.96
189,20170405,제주시,41.76
190,20170406,서귀포시,27.11
191,20170406,제주시,42.47
192,20170407,서귀포시,67.42
193,20170407,제주시,69.98
194,20170408,제주시,67.42
195,20170408,서귀포시,69.98
196,20170409,서귀포시,55.04
197,20170409,제주시,55.04
198,20170410,서귀포시,30.64
199,20170410,제주시,27.45
200,20170411,제주시,28.96
201,20170411,서귀포시,30.64
202,20170412,서귀포시,65.06
203,20170412,제주시,66.57
204,20170413,제주시,73.58
205,20170413,서귀포시,71.02
206,20170414,제주시,80.42
207,20170414,서귀포시,67.62
208,20170415,제주시,57.33
209,20170415,서귀포시,43.02
210,20170416,서귀포시,55.99
211,20170416,제주시,62.62
212,20170417,서귀포시,30.72
213,20170417,제주시,43.52
214,20170418,서귀포시,61.84
215,20170418,제주시,74.64
216,20170419,서귀포시,69.13
217,20170419,제주시,70.64
218,20170420,제주시,62.13
219,20170420,서귀포시,55.5
220,20170421,제주시,42.77
221,20170421,서귀포시,57.01
222,20170422,서귀포시,69.13
223,20170422,제주시,72.15
224,20170423,제주시,75.55
225,20170423,서귀포시,71.48
226,20170424,서귀포시,69.13
227,20170424,제주시,83.44
228,20170425,서귀포시,72.54
229,20170425,제주시,79.17
230,20170426,서귀포시,34.54
231,20170426,제주시,32.15
232,20170427,제주시,60.79
233,20170427,서귀포시,61.84
234,20170428,제주시,81.26
235,20170428,서귀포시,76.14
236,20170429,서귀포시,86.38
237,20170429,제주시,91.5
238,20170430,제주시,92.55
239,20170430,서귀포시,87.89
240,20170501,서귀포시,82.98
241,20170501,제주시,88.1
242,20170502,서귀포시,73.59
243,20170502,제주시,78.71
244,20170503,제주시,87.05
245,20170503,서귀포시,80.42
246,20170504,제주시,61.99
247,20170504,서귀포시,44.32
248,20170505,서귀포시,52.8
249,20170505,제주시,79.59
250,20170506,서귀포시,80.42
251,20170506,제주시,70.64
252,20170507,서귀포시,80.42
253,20170507,제주시,82.98
254,20170508,제주시,54.77
255,20170508,서귀포시,46.63
256,20170509,서귀포시,30.72
257,20170509,제주시,41.76
258,20170510,제주시,54.48
259,20170510,서귀포시,51.92
260,20170511,서귀포시,83.83
261,20170511,제주시,81.86
262,20170512,서귀포시,46.54
263,20170512,제주시,47.59
264,20170513,서귀포시,84.49
265,20170513,제주시,89.61
266,20170514,서귀포시,85.33
267,20170514,제주시,82.77
268,20170515,서귀포시,71.03
269,20170515,제주시,71.03
270,20170516,서귀포시,72.08
271,20170516,제주시,72.54
272,20170517,서귀포시,85.33
273,20170517,제주시,84.28
274,20170518,제주시,93.47
275,20170518,서귀포시,86.84
276,20170519,서귀포시,89.4
277,20170519,제주시,94.52
278,20170520,제주시,85.34
279,20170520,서귀포시,80.22
280,20170521,서귀포시,80.22
281,20170521,제주시,85.34
282,20170522,제주시,93.68
283,20170522,서귀포시,88.56
284,20170523,서귀포시,58.38
285,20170523,제주시,62.45
286,20170524,제주시,80.05
287,20170524,서귀포시,56.7
288,20170525,서귀포시,89.61
289,20170525,제주시,89.61
290,20170526,제주시,78.7
291,20170526,서귀포시,81.26
292,20170527,서귀포시,86.84
293,20170527,제주시,88.35
294,20170528,서귀포시,91.96
295,20170528,제주시,98.59
296,20170529,서귀포시,95.57
297,20170529,제주시,95.57
298,20170530,서귀포시,93.68
299,20170530,제주시,95.19
300,20170531,제주시,82.61
301,20170531,서귀포시,77.03
302,20170601,서귀포시,87.49
303,20170601,제주시,89.16
304,20170602,제주시,91.48
305,20170602,서귀포시,92.35
306,20170603,서귀포시,90.87
307,20170603,제주시,90.0
308,20170604,제주시,91.67
309,20170604,서귀포시,90.0
310,20170605,서귀포시,84.95
311,20170605,제주시,87.49
312,20170606,제주시,49.16
313,20170606,서귀포시,50.83
314,20170607,제주시,57.95
315,20170607,서귀포시,55.41
316,20170608,제주시,94.89
317,20170608,서귀포시,90.68
318,20170609,서귀포시,84.95
319,20170609,제주시,87.49
320,20170610,서귀포시,61.29
321,20170610,제주시,61.29
322,20170611,서귀포시,71.36
323,20170611,제주시,71.36
324,20170612,제주시,87.49
325,20170612,서귀포시,84.95
326,20170613,서귀포시,82.41
327,20170613,제주시,87.49
328,20170614,제주시,92.54
329,20170614,서귀포시,88.33
330,20170615,서귀포시,93.41
331,20170615,제주시,95.08
332,20170616,서귀포시,95.08
333,20170616,제주시,95.08
334,20170617,서귀포시,93.41
335,20170617,제주시,93.41
336,20170618,서귀포시,96.56
337,20170618,제주시,96.56
338,20170619,서귀포시,95.08
339,20170619,제주시,95.08
340,20170620,서귀포시,54.39
341,20170620,제주시,57.73
342,20170621,서귀포시,89.16
343,20170621,제주시,89.16
344,20170622,서귀포시,90.83
345,20170622,제주시,89.16
346,20170623,서귀포시,90.83
347,20170623,제주시,89.16
348,20170624,서귀포시,61.18
349,20170624,제주시,61.29
350,20170625,서귀포시,82.65
351,20170625,제주시,82.65
352,20170626,제주시,61.29
353,20170626,서귀포시,61.18
354,20170627,제주시,80.13
355,20170627,서귀포시,84.32
356,20170628,제주시,64.85
357,20170628,서귀포시,66.52
358,20170629,제주시,54.17
359,20170629,서귀포시,52.5
360,20170630,제주시,56.99
361,20170630,서귀포시,59.51
362,20170701,제주시,66.44
363,20170701,서귀포시,87.49
364,20170702,제주시,62.21
365,20170702,서귀포시,85.82
366,20170703,제주시,39.18
367,20170703,서귀포시,64.35
368,20170704,제주시,48.14
369,20170704,서귀포시,48.5
370,20170705,제주시,30.92
371,20170705,서귀포시,81.6
372,20170706,제주시,48.32
373,20170706,서귀포시,59.94
374,20170707,제주시,51.24
375,20170707,서귀포시,87.49
376,20170708,제주시,46.18
377,20170708,서귀포시,84.97
378,20170709,서귀포시,52.8
379,20170709,제주시,42.21
380,20170710,서귀포시,80.78
381,20170710,제주시,45.38
382,20170711,서귀포시,55.84
383,20170711,제주시,39.01
384,20170712,서귀포시,81.63
385,20170712,제주시,74.88
386,20170713,서귀포시,68.11
387,20170713,제주시,71.48
388,20170714,서귀포시,65.57
389,20170714,제주시,61.36
390,20170715,서귀포시,76.54
391,20170715,제주시,46.18
392,20170716,서귀포시,67.29
393,20170716,제주시,47.05
394,20170717,서귀포시,66.42
395,20170717,제주시,34.39
396,20170718,서귀포시,54.53
397,20170718,제주시,47.03
398,20170719,서귀포시,51.26
399,20170719,제주시,46.18
400,20170720,서귀포시,48.72
401,20170720,제주시,43.64
402,20170721,서귀포시,41.14
403,20170721,제주시,41.1
404,20170722,서귀포시,56.32
405,20170722,제주시,33.52
406,20170723,제주시,33.52
407,20170723,서귀포시,46.18
408,20170724,제주시,41.1
409,20170724,서귀포시,46.18
410,20170725,제주시,38.56
411,20170725,서귀포시,43.64
412,20170726,서귀포시,58.24
413,20170726,제주시,30.89
414,20170727,서귀포시,64.75
415,20170727,제주시,54.65
416,20170728,제주시,51.26
417,20170728,서귀포시,55.47
418,20170729,제주시,46.18
419,20170729,서귀포시,60.51
420,20170730,제주시,52.1
421,20170730,서귀포시,41.73
422,20170731,제주시,8.65
423,20170731,서귀포시,17.12
424,20170801,제주시,7.69
425,20170801,서귀포시,22.87
426,20170802,제주시,44.51
427,20170802,서귀포시,50.46
428,20170803,서귀포시,66.48
429,20170803,제주시,58.01
430,20170804,제주시,47.89
431,20170804,서귀포시,50.43
432,20170805,제주시,36.89
433,20170805,서귀포시,36.93
434,20170806,제주시,35.22
435,20170806,서귀포시,44.51
436,20170807,서귀포시,47.05
437,20170807,제주시,36.89
438,20170808,제주시,18.01
439,20170808,서귀포시,27.22
440,20170809,서귀포시,28.37
441,20170809,제주시,13.17
442,20170810,서귀포시,71.48
443,20170810,제주시,56.3
444,20170811,서귀포시,79.94
445,20170811,제주시,57.18
446,20170812,서귀포시,72.37
447,20170812,제주시,57.17
448,20170813,서귀포시,50.09
449,20170813,제주시,38.47
450,20170814,서귀포시,35.69
451,20170814,제주시,12.91
452,20170815,제주시,38.0
453,20170815,서귀포시,37.64
454,20170816,서귀포시,67.31
455,20170816,제주시,34.01
456,20170817,서귀포시,39.05
457,20170817,제주시,32.56
458,20170818,제주시,77.4
459,20170818,서귀포시,84.15
460,20170819,서귀포시,55.2
461,20170819,제주시,61.36
462,20170820,제주시,23.07
463,20170820,서귀포시,44.09
464,20170821,서귀포시,41.55
465,20170821,제주시,13.73
466,20170822,서귀포시,29.76
467,20170822,제주시,13.99
468,20170823,서귀포시,51.24
469,20170823,제주시,33.52
470,20170824,제주시,37.77
471,20170824,서귀포시,19.92
472,20170825,제주시,6.98
473,20170825,서귀포시,31.43
474,20170826,서귀포시,84.12
475,20170826,제주시,71.48
476,20170827,제주시,88.37
477,20170827,서귀포시,92.56
478,20170828,서귀포시,87.52
479,20170828,제주시,77.4
480,20170829,제주시,51.82
481,20170829,서귀포시,55.2
482,20170830,서귀포시,94.23
483,20170830,제주시,93.41
484,20170831,서귀포시,86.64
485,20170831,제주시,82.45
486,20170901,서귀포시,84.51
487,20170901,제주시,79.77
488,20170902,제주시,84.51
489,20170902,서귀포시,84.51
490,20170903,제주시,86.2
491,20170903,서귀포시,84.51
492,20170904,서귀포시,61.22
493,20170904,제주시,58.17
494,20170905,제주시,59.42
495,20170905,서귀포시,49.39
496,20170906,서귀포시,45.79
497,20170906,제주시,23.29
498,20170907,서귀포시,50.99
499,20170907,제주시,49.3
500,20170908,제주시,92.96
501,20170908,서귀포시,92.96
502,20170909,제주시,90.59
503,20170909,서귀포시,94.65
504,20170910,서귀포시,61.11
505,20170910,제주시,61.09
506,20170911,서귀포시,45.24
507,20170911,제주시,31.04
508,20170912,서귀포시,91.27
509,20170912,제주시,91.27
510,20170913,제주시,90.59
511,20170913,서귀포시,92.96
512,20170914,서귀포시,49.41
513,20170914,제주시,54.7
514,20170915,서귀포시,37.47
515,20170915,제주시,42.87
516,20170916,서귀포시,40.85
517,20170916,제주시,40.85
518,20170917,제주시,59.53
519,20170917,서귀포시,81.13
520,20170918,제주시,92.96
521,20170918,서귀포시,91.27
522,20170919,제주시,81.46
523,20170919,서귀포시,84.51
524,20170920,제주시,78.1
525,20170920,서귀포시,79.79
526,20170921,서귀포시,81.48
527,20170921,제주시,79.79
528,20170922,제주시,81.48
529,20170922,서귀포시,79.79
530,20170923,서귀포시,83.17
531,20170923,제주시,81.48
532,20170924,제주시,86.2
533,20170924,서귀포시,86.2
534,20170925,서귀포시,76.41
535,20170925,제주시,79.79
536,20170926,제주시,56.5
537,20170926,서귀포시,49.41
538,20170927,제주시,57.73
539,20170927,서귀포시,58.41
540,20170928,제주시,82.82
541,20170928,서귀포시,86.2
542,20170929,제주시,90.61
543,20170929,서귀포시,85.91
544,20170930,서귀포시,88.92
545,20170930,제주시,92.96
546,20171001,서귀포시,47.61
547,20171001,제주시,47.61
548,20171002,서귀포시,45.92
549,20171002,제주시,47.61
550,20171003,서귀포시,84.51
551,20171003,제주시,84.51
552,20171004,서귀포시,74.06
553,20171004,제주시,56.5
554,20171005,서귀포시,42.89
555,20171005,제주시,49.3
556,20171006,서귀포시,49.3
557,20171006,제주시,51.1
558,20171007,서귀포시,91.27
559,20171007,제주시,92.96
560,20171008,서귀포시,91.27
561,20171008,제주시,92.96
562,20171009,서귀포시,96.52
563,20171009,제주시,96.52
564,20171010,서귀포시,94.65
565,20171010,제주시,94.65
566,20171011,서귀포시,79.79
567,20171011,제주시,78.1
568,20171012,제주시,44.6
569,20171012,서귀포시,75.09
570,20171013,제주시,77.13
571,20171013,서귀포시,81.19
572,20171014,제주시,66.31
573,20171014,서귀포시,61.59
574,20171015,제주시,39.99
575,20171015,서귀포시,38.19
576,20171016,제주시,37.62
577,20171016,서귀포시,43.57
578,20171017,제주시,51.34
579,20171017,서귀포시,64.62
580,20171018,제주시,69.34
581,20171018,서귀포시,64.62
582,20171019,서귀포시,66.99
583,20171019,제주시,69.34
584,20171031,서귀포시,74.61
585,20171031,제주시,75.29
586,20171101,서귀포시,74.1
587,20171101,제주시,71.73
588,20171102,서귀포시,67.34
589,20171102,제주시,74.43
590,20171103,제주시,47.08
591,20171103,서귀포시,66.33
592,20171104,서귀포시,56.87
593,20171104,제주시,57.53
594,20171105,서귀포시,72.26
595,20171105,제주시,75.29
596,20171106,서귀포시,71.73
597,20171106,제주시,74.1
598,20171107,서귀포시,51.01
599,20171107,제주시,54.04
600,20171108,제주시,44.71
601,20171108,서귀포시,48.77
602,20171109,제주시,71.23
603,20171109,서귀포시,73.6
604,20171111,서귀포시,58.56
605,20171111,제주시,59.22
606,20171112,서귀포시,67.01
607,20171112,제주시,71.73
608,20171113,서귀포시,63.28
609,20171113,제주시,60.91
610,20171114,제주시,63.28
611,20171114,서귀포시,62.6
612,20171115,제주시,59.22
613,20171115,서귀포시,58.56
614,20171116,서귀포시,65.32
615,20171116,제주시,63.63
616,20171117,제주시,30.99
617,20171117,서귀포시,25.7
618,20171118,서귀포시,28.51
619,20171118,제주시,28.51
620,20171119,서귀포시,52.15
621,20171119,제주시,47.74
622,20171120,제주시,28.75
623,20171120,서귀포시,26.38
624,20171121,서귀포시,57.88
625,20171121,제주시,60.25
626,20171122,서귀포시,30.44
627,20171122,제주시,31.1
628,20171123,제주시,36.5
629,20171123,서귀포시,54.5
630,20171124,제주시,56.87
631,20171124,서귀포시,36.5
632,20171125,서귀포시,58.56
633,20171125,제주시,60.25
634,20171126,서귀포시,42.91
635,20171126,제주시,41.22
636,20171127,제주시,67.01
637,20171127,서귀포시,68.7
638,20171128,제주시,43.37
639,20171128,서귀포시,45.06
640,20171129,제주시,32.9
641,20171129,서귀포시,32.9
642,20171130,서귀포시,58.56
643,20171130,제주시,54.5
644,20171201,제주시,51.35
645,20171201,서귀포시,50.06
646,20171202,서귀포시,57.3
647,20171202,제주시,60.17
648,20171203,제주시,60.13
649,20171203,서귀포시,58.59
650,20171204,서귀포시,48.04
651,20171204,제주시,31.67
652,20171205,제주시,24.64
653,20171205,서귀포시,26.18
654,20171206,서귀포시,52.89
655,20171206,제주시,39.76
656,20171207,서귀포시,54.22
657,20171207,제주시,55.51
658,20171208,서귀포시,26.18
659,20171208,제주시,20.0
660,20171209,서귀포시,51.35
661,20171209,제주시,54.22
662,20171210,서귀포시,31.67
663,20171210,제주시,30.07
664,20171211,서귀포시,24.8
665,20171211,제주시,18.21
666,20171212,제주시,19.94
667,20171212,서귀포시,42.34
668,20171213,제주시,30.98
669,20171213,서귀포시,48.52
670,20171214,서귀포시,57.3
671,20171214,제주시,57.3
672,20171215,서귀포시,52.89
673,20171215,제주시,52.89
674,20171216,제주시,22.89
675,20171216,서귀포시,45.17
676,20171217,제주시,23.14
677,20171217,서귀포시,23.14
678,20171218,서귀포시,48.52
679,20171218,제주시,35.35
680,20171219,제주시,33.81
681,20171219,서귀포시,33.81
682,20171220,제주시,32.15
683,20171220,서귀포시,30.86
684,20171221,제주시,55.76
685,20171221,서귀포시,52.89
686,20171222,서귀포시,60.17
687,20171222,제주시,63.0
688,20171223,서귀포시,60.13
689,20171223,제주시,60.13
690,20171224,서귀포시,25.27
691,20171224,제주시,31.34
692,20171225,서귀포시,46.98
693,20171225,제주시,49.81
694,20171226,서귀포시,49.81
695,20171226,제주시,36.68
696,20171227,서귀포시,52.93
697,20171227,제주시,51.39
698,20171228,제주시,50.06
699,20171228,서귀포시,51.35
700,20171229,서귀포시,60.17
701,20171229,제주시,60.17
702,20171230,제주시,30.38
703,20171230,서귀포시,31.92
704,20171231,서귀포시,49.81
705,20171231,제주시,31.94
706,20180101,제주시,33.81
707,20180101,서귀포시,52.89
708,20180102,제주시,57.3
709,20180102,서귀포시,57.3
710,20180103,제주시,48.52
711,20180103,서귀포시,48.52
712,20180104,제주시,29.42
713,20180104,서귀포시,30.71
714,20180105,서귀포시,23.08
715,20180105,제주시,21.54
716,20180106,서귀포시,51.35
717,20180106,제주시,51.35
718,20180107,서귀포시,27.18
719,20180107,제주시,28.78
720,20180108,서귀포시,31.67
721,20180108,제주시,28.84
722,20180109,서귀포시,26.24
723,20180109,제주시,27.9
724,20180110,서귀포시,15.53
725,20180110,제주시,16.86
726,20180111,서귀포시,12.64
727,20180111,제주시,11.1
728,20180112,제주시,15.84
729,20180112,서귀포시,15.84
730,20180113,서귀포시,48.52
731,20180113,제주시,48.52
732,20180114,서귀포시,52.89
733,20180114,제주시,57.3
734,20180115,제주시,61.46
735,20180115,서귀포시,63.0
736,20180116,서귀포시,29.68
737,20180116,제주시,34.05
738,20180117,서귀포시,31.92
739,20180117,제주시,30.38
740,20180118,서귀포시,55.76
741,20180118,제주시,54.22
742,20180119,서귀포시,55.76
743,20180119,제주시,60.17
744,20180120,서귀포시,57.3
745,20180120,제주시,57.3
746,20180121,제주시,55.76
747,20180121,서귀포시,51.35
748,20180122,서귀포시,27.24
749,20180122,제주시,27.24
750,20180123,제주시,45.44
751,20180123,서귀포시,44.11
752,20180124,제주시,14.3
753,20180124,서귀포시,25.28
754,20180125,제주시,20.64
755,20180125,서귀포시,36.64
756,20180126,제주시,22.08
757,20180126,서귀포시,41.28
758,20180127,제주시,48.73
759,20180127,서귀포시,47.19
760,20180128,제주시,23.14
761,20180128,서귀포시,23.14
762,20180129,제주시,24.8
763,20180129,서귀포시,36.64
764,20180130,제주시,24.68
765,20180130,서귀포시,29.65
766,20180131,제주시,43.88
767,20180131,서귀포시,26.22
768,20180201,제주시,32.52
769,20180201,서귀포시,50.06
770,20180202,제주시,48.52
771,20180202,서귀포시,48.52
772,20180203,제주시,17.13
773,20180203,서귀포시,20.27
774,20180204,제주시,6.48
775,20180204,서귀포시,17.44
776,20180205,제주시,12.64
777,20180205,서귀포시,17.44
778,20180206,제주시,12.7
779,20180206,서귀포시,17.44
780,20180207,제주시,20.27
781,20180207,서귀포시,18.98
782,20180208,서귀포시,26.16
783,20180208,제주시,24.62
784,20180209,서귀포시,57.3
785,20180209,제주시,57.3
786,20180210,서귀포시,21.48
787,20180210,제주시,24.37
788,20180211,서귀포시,14.11
789,20180211,제주시,13.9
790,20180212,제주시,13.9
791,20180212,서귀포시,14.36
792,20180213,제주시,46.98
793,20180213,서귀포시,48.52
794,20180214,서귀포시,57.09
795,20180214,제주시,53.76
796,20180215,제주시,35.12
797,20180215,서귀포시,35.12
798,20180216,제주시,46.71
799,20180216,서귀포시,49.58
800,20180217,제주시,51.39
801,20180217,서귀포시,52.93
802,20180218,제주시,54.43
803,20180218,서귀포시,52.89
804,20180219,서귀포시,25.91
805,20180219,제주시,30.32
806,20180220,서귀포시,52.89
807,20180220,제주시,55.76
808,20180221,제주시,48.52
809,20180221,서귀포시,52.89
810,20180222,제주시,50.06
811,20180222,서귀포시,50.06
812,20180223,제주시,61.46
813,20180223,서귀포시,55.76
814,20180224,제주시,55.76
815,20180224,서귀포시,55.76
816,20180225,서귀포시,55.76
817,20180225,제주시,55.76
818,20180226,서귀포시,62.72
819,20180226,제주시,62.72
820,20180227,제주시,61.46
821,20180227,서귀포시,61.46
822,20180228,서귀포시,19.11
823,20180228,제주시,24.81
824,20180301,서귀포시,54.16
825,20180301,제주시,52.65
826,20180302,서귀포시,57.18
827,20180302,제주시,54.62
828,20180303,서귀포시,32.15
829,20180303,제주시,33.66
830,20180304,서귀포시,34.96
831,20180304,제주시,51.75
832,20180305,제주시,24.6
833,20180305,서귀포시,28.5
834,20180306,서귀포시,48.12
835,20180306,제주시,54.16
836,20180307,서귀포시,19.14
837,20180307,제주시,17.8
838,20180308,서귀포시,16.12
839,20180308,제주시,11.42
840,20180309,제주시,53.11
841,20180309,서귀포시,53.11
842,20180310,제주시,66.36
843,20180310,서귀포시,66.36
844,20180311,제주시,68.92
845,20180311,서귀포시,67.87
846,20180312,제주시,70.64
847,20180312,서귀포시,65.52
848,20180313,제주시,79.16
849,20180313,서귀포시,69.97
850,20180314,제주시,78.32
851,20180314,서귀포시,69.13
852,20180315,제주시,33.28
853,20180315,서귀포시,28.16
854,20180316,제주시,19.48
855,20180316,서귀포시,31.61
856,20180317,서귀포시,62.5
857,20180317,제주시,62.5
858,20180318,서귀포시,32.32
859,20180318,제주시,36.39
860,20180319,서귀포시,29.13
861,20180319,제주시,31.52
862,20180320,서귀포시,14.78
863,20180320,제주시,14.78
864,20180321,제주시,12.34
865,20180321,서귀포시,18.09
866,20180322,제주시,37.36
867,20180322,서귀포시,53.11
868,20180323,제주시,67.41
869,20180323,서귀포시,64.85
870,20180324,제주시,69.97
871,20180324,서귀포시,67.41
872,20180325,제주시,74.04
873,20180325,서귀포시,69.97
874,20180326,제주시,70.64
875,20180326,서귀포시,68.08
876,20180327,제주시,74.04
877,20180327,서귀포시,71.48
878,20180328,제주시,79.16
879,20180328,서귀포시,74.04
880,20180329,서귀포시,73.2
881,20180329,제주시,73.2
882,20180330,제주시,67.62
883,20180330,서귀포시,69.13
884,20180331,제주시,76.81
885,20180331,서귀포시,69.13
886,20180401,제주시,72.54
887,20180401,서귀포시,67.42
888,20180402,서귀포시,75.76
889,20180402,제주시,86.0
890,20180403,제주시,88.56
891,20180403,서귀포시,71.69
892,20180404,제주시,50.24
893,20180404,서귀포시,43.36
894,20180405,서귀포시,34.96
895,20180405,제주시,48.56
896,20180406,제주시,32.4
897,20180406,서귀포시,33.37
898,20180407,서귀포시,51.6
899,20180407,제주시,29.05
900,20180408,서귀포시,65.9
901,20180408,제주시,65.44
902,20180409,서귀포시,72.53
903,20180409,제주시,75.09
904,20180410,제주시,78.91
905,20180410,서귀포시,64.6
906,20180411,서귀포시,73.59
907,20180411,제주시,72.08
908,20180412,서귀포시,71.69
909,20180412,제주시,73.2
910,20180413,제주시,44.24
911,20180413,서귀포시,40.17
912,20180414,서귀포시,26.65
913,20180414,제주시,41.13
914,20180415,제주시,62.5
915,20180415,서귀포시,62.5
916,20180416,제주시,62.3
917,20180416,서귀포시,59.74
918,20180417,제주시,64.86
919,20180417,서귀포시,62.3
920,20180418,제주시,70.64
921,20180418,서귀포시,68.08
922,20180419,제주시,81.72
923,20180419,서귀포시,74.04
924,20180420,제주시,85.33
925,20180420,서귀포시,81.72
926,20180421,제주시,84.49
927,20180421,서귀포시,67.62
928,20180422,제주시,51.83
929,20180422,서귀포시,43.27
930,20180423,제주시,51.2
931,20180423,서귀포시,40.96
932,20180424,제주시,34.79
933,20180424,서귀포시,38.86
934,20180425,서귀포시,42.14
935,20180425,제주시,48.06
936,20180426,서귀포시,62.3
937,20180426,제주시,67.42
938,20180427,서귀포시,77.65
939,20180427,제주시,84.28
940,20180428,서귀포시,76.6
941,20180428,제주시,85.33
942,20180429,제주시,78.71
943,20180429,서귀포시,65.91
944,20180430,서귀포시,34.79
945,20180430,제주시,56.7
946,20180501,서귀포시,45.03
947,20180501,제주시,56.7
948,20180502,서귀포시,44.32
949,20180502,제주시,51.12
950,20180503,제주시,70.18
951,20180503,서귀포시,67.62
952,20180504,서귀포시,71.02
953,20180504,제주시,78.7
954,20180505,서귀포시,69.52
955,20180505,제주시,77.2
956,20180506,제주시,45.16
957,20180506,서귀포시,36.89
958,20180507,제주시,38.4
959,20180507,서귀포시,40.96
960,20180508,제주시,60.16
961,20180508,서귀포시,60.16
962,20180509,제주시,69.13
963,20180509,서귀포시,69.13
964,20180510,제주시,80.21
965,20180510,서귀포시,76.6
966,20180511,서귀포시,74.25
967,20180511,제주시,80.88
968,20180512,서귀포시,40.88
969,20180512,제주시,57.92
970,20180513,서귀포시,46.08
971,20180513,제주시,40.96
972,20180514,서귀포시,87.05
973,20180514,제주시,89.61
974,20180515,서귀포시,68.08
975,20180515,제주시,86.39
976,20180516,제주시,79.76
977,20180516,서귀포시,78.08
978,20180517,제주시,66.96
979,20180517,서귀포시,57.92
980,20180518,제주시,57.58
981,20180518,서귀포시,54.22
982,20180519,서귀포시,65.45
983,20180519,제주시,47.14
984,20180520,서귀포시,54.12
985,20180520,제주시,48.54
986,20180521,제주시,59.94
987,20180521,서귀포시,75.69
988,20180522,제주시,57.92
989,20180522,서귀포시,52.8
990,20180523,제주시,57.7
991,20180523,서귀포시,56.1
992,20180524,제주시,88.56
993,20180524,서귀포시,87.51
994,20180525,제주시,55.82
995,20180525,서귀포시,47.97
996,20180526,제주시,66.89
997,20180526,서귀포시,65.21
998,20180527,제주시,78.54
999,20180527,서귀포시,58.38
1000,20180528,서귀포시,62.45
1001,20180528,제주시,60.94
1002,20180529,제주시,81.1
1003,20180529,서귀포시,63.25
1004,20180530,제주시,87.9
1005,20180530,서귀포시,87.9
1006,20180531,서귀포시,73.42
1007,20180531,제주시,73.42
1008,20180601,서귀포시,94.02
1009,20180601,제주시,96.56
1010,20180602,서귀포시,95.08
1011,20180602,제주시,95.08
1012,20180603,제주시,95.08
1013,20180603,서귀포시,86.62
1014,20180604,서귀포시,84.95
1015,20180604,제주시,89.16
1016,20180605,서귀포시,51.63
1017,20180605,제주시,55.95
1018,20180606,서귀포시,81.78
1019,20180606,제주시,82.65
1020,20180607,제주시,93.41
1021,20180607,서귀포시,95.08
1022,20180608,서귀포시,95.08
1023,20180608,제주시,95.08
1024,20180609,서귀포시,59.62
1025,20180609,제주시,61.29
1026,20180610,서귀포시,80.98
1027,20180610,제주시,57.95
1028,20180611,서귀포시,57.88
1029,20180611,제주시,56.97
1030,20180612,제주시,77.28
1031,20180612,서귀포시,95.08
1032,20180613,서귀포시,92.35
1033,20180613,제주시,96.56
1034,20180614,제주시,93.41
1035,20180614,서귀포시,91.74
1036,20180615,서귀포시,84.15
1037,20180615,제주시,84.15
1038,20180616,서귀포시,85.86
1039,20180616,제주시,88.4
1040,20180617,서귀포시,89.16
1041,20180617,제주시,87.49
1042,20180618,서귀포시,90.83
1043,20180618,제주시,89.16
1044,20180619,서귀포시,54.17
1045,20180619,제주시,55.84
1046,20180620,제주시,89.16
1047,20180620,서귀포시,89.16
1048,20180621,제주시,95.08
1049,20180621,서귀포시,95.08
1050,20180622,서귀포시,89.16
1051,20180622,제주시,89.16
1052,20180623,제주시,75.61
1053,20180623,서귀포시,69.51
1054,20180624,제주시,94.89
1055,20180624,서귀포시,94.89
1056,20180625,제주시,81.6
1057,20180625,서귀포시,67.8
1058,20180626,제주시,57.17
1059,20180626,서귀포시,52.61
1060,20180627,서귀포시,59.51
1061,20180627,제주시,43.59
1062,20180628,서귀포시,52.5
1063,20180628,제주시,30.59
1064,20180629,제주시,44.94
1065,20180629,서귀포시,54.17
1066,20180630,서귀포시,52.5
1067,20180630,제주시,46.61
1068,20180701,제주시,41.01
1069,20180701,서귀포시,52.83
1070,20180702,서귀포시,44.15
1071,20180702,제주시,32.33
1072,20180703,서귀포시,43.63
1073,20180703,제주시,41.85
1074,20180704,서귀포시,81.6
1075,20180704,제주시,72.35
1076,20180705,서귀포시,64.85
1077,20180705,제주시,57.29
1078,20180706,서귀포시,52.72
1079,20180706,제주시,54.28
1080,20180707,서귀포시,54.83
1081,20180707,제주시,61.51
1082,20180708,서귀포시,54.5
1083,20180708,제주시,56.17
1084,20180709,제주시,53.95
1085,20180709,서귀포시,56.17
1086,20180710,제주시,71.52
1087,20180710,서귀포시,81.63
1088,20180711,제주시,30.18
1089,20180711,서귀포시,80.78
1090,20180712,제주시,47.02
1091,20180712,서귀포시,89.19
1092,20180713,제주시,49.6
1093,20180713,서귀포시,89.19
1094,20180714,제주시,57.18
1095,20180714,서귀포시,89.19
1096,20180715,서귀포시,89.19
1097,20180715,제주시,57.18
1098,20180716,서귀포시,84.15
1099,20180716,제주시,57.18
1100,20180717,서귀포시,84.15
1101,20180717,제주시,62.24
1102,20180718,제주시,69.82
1103,20180718,서귀포시,84.15
1104,20180719,제주시,59.72
1105,20180719,서귀포시,79.09
1106,20180720,제주시,62.22
1107,20180720,서귀포시,72.36
1108,20180721,서귀포시,55.5
1109,20180721,제주시,47.05
1110,20180722,서귀포시,14.36
1111,20180722,제주시,36.33
1112,20180723,서귀포시,74.87
1113,20180723,제주시,48.72
1114,20180724,서귀포시,69.81
1115,20180724,제주시,49.56
1116,20180725,서귀포시,46.22
1117,20180725,제주시,52.1
1118,20180726,서귀포시,59.72
1119,20180726,제주시,54.62
1120,20180727,서귀포시,67.3
1121,20180727,제주시,62.2
1122,20180728,서귀포시,56.34
1123,20180728,제주시,46.18
1124,20180729,제주시,41.1
1125,20180729,서귀포시,49.59
1126,20180730,서귀포시,46.47
1127,20180730,제주시,38.0
1128,20180731,서귀포시,63.06
1129,20180731,제주시,49.57
1130,20180801,서귀포시,47.88
1131,20180801,제주시,44.51
1132,20180802,서귀포시,46.25
1133,20180802,제주시,37.76
1134,20180803,제주시,25.88
1135,20180803,서귀포시,14.66
1136,20180804,제주시,47.02
1137,20180804,서귀포시,64.76
1138,20180805,제주시,57.14
1139,20180805,서귀포시,59.72
1140,20180806,제주시,45.35
1141,20180806,서귀포시,67.28
1142,20180807,서귀포시,51.26
1143,20180807,제주시,41.97
1144,20180808,서귀포시,59.72
1145,20180808,제주시,52.1
1146,20180809,서귀포시,63.91
1147,20180809,제주시,49.56
1148,20180810,서귀포시,51.26
1149,20180810,제주시,43.64
1150,20180811,제주시,40.3
1151,20180811,서귀포시,58.02
1152,20180812,제주시,1.9
1153,20180812,서귀포시,25.85
1154,20180813,서귀포시,51.49
1155,20180813,제주시,35.44
1156,20180814,제주시,51.22
1157,20180814,서귀포시,49.57
1158,20180815,제주시,32.92
1159,20180815,서귀포시,35.19
1160,20180816,서귀포시,44.12
1161,20180816,제주시,13.79
1162,20180817,제주시,26.75
1163,20180817,서귀포시,22.47
1164,20180818,서귀포시,68.16
1165,20180818,제주시,68.14
1166,20180819,제주시,62.23
1167,20180819,서귀포시,69.83
1168,20180820,제주시,54.64
1169,20180820,서귀포시,87.52
1170,20180821,제주시,52.13
1171,20180821,서귀포시,63.9
1172,20180822,제주시,15.51
1173,20180822,서귀포시,13.01
1174,20180823,제주시,28.17
1175,20180823,서귀포시,35.77
1176,20180824,서귀포시,74.07
1177,20180824,제주시,66.45
1178,20180825,서귀포시,47.76
1179,20180825,제주시,40.16
1180,20180826,제주시,17.29
1181,20180826,서귀포시,54.58
1182,20180827,서귀포시,75.69
1183,20180827,제주시,53.78
1184,20180828,서귀포시,78.21
1185,20180828,제주시,51.26
1186,20180829,제주시,56.32
1187,20180829,서귀포시,57.72
1188,20180830,제주시,57.37
1189,20180830,서귀포시,57.92
1190,20180831,서귀포시,84.12
1191,20180831,제주시,58.82
1192,20180901,제주시,32.75
1193,20180901,서귀포시,46.93
1194,20180902,제주시,40.48
1195,20180902,서귀포시,54.13
1196,20180903,서귀포시,53.34
1197,20180903,제주시,60.87
1198,20180904,제주시,59.42
1199,20180904,서귀포시,47.92
1200,20180905,서귀포시,91.27
1201,20180905,제주시,85.85
1202,20180906,제주시,75.05
1203,20180906,서귀포시,81.48
1204,20180907,제주시,44.56
1205,20180907,서귀포시,50.99
1206,20180908,제주시,78.1
1207,20180908,서귀포시,63.48
1208,20180909,서귀포시,96.52
1209,20180909,제주시,94.83
1210,20180910,제주시,81.13
1211,20180910,서귀포시,82.82
1212,20180911,서귀포시,79.44
1213,20180911,제주시,79.44
1214,20180912,제주시,76.41
1215,20180912,서귀포시,58.41
1216,20180913,서귀포시,47.61
1217,20180913,제주시,42.87
1218,20180914,제주시,79.11
1219,20180914,서귀포시,55.82
1220,20180915,서귀포시,79.09
1221,20180915,제주시,64.14
1222,20180916,제주시,92.96
1223,20180916,서귀포시,88.22
1224,20180917,제주시,52.68
1225,20180917,서귀포시,52.68
1226,20180918,제주시,87.89
1227,20180918,서귀포시,87.89
1228,20180919,제주시,56.28
1229,20180919,서귀포시,54.59
1230,20180920,제주시,43.99
1231,20180920,서귀포시,47.61
1232,20180921,제주시,42.3
1233,20180921,서귀포시,49.41
1234,20180922,제주시,87.89
1235,20180922,서귀포시,86.2
1236,20180923,제주시,82.14
1237,20180923,서귀포시,84.51
1238,20180924,제주시,84.51
1239,20180924,서귀포시,86.2
1240,20180925,제주시,79.44
1241,20180925,서귀포시,74.74
1242,20180926,제주시,66.27
1243,20180926,서귀포시,69.65
1244,20180927,서귀포시,86.2
1245,20180927,제주시,82.82
1246,20180928,서귀포시,79.44
1247,20180928,제주시,79.44
1248,20180929,서귀포시,40.85
1249,20180929,제주시,44.45
1250,20180930,서귀포시,76.06
1251,20180930,제주시,72.68
1252,20181001,서귀포시,78.47
1253,20181001,제주시,79.44
1254,20181002,서귀포시,87.6
1255,20181002,제주시,80.47
1256,20181003,서귀포시,85.91
1257,20181003,제주시,86.57
1258,20181004,서귀포시,37.47
1259,20181004,제주시,42.1
1260,20181005,서귀포시,37.47
1261,20181005,제주시,37.47
1262,20181006,서귀포시,37.47
1263,20181006,제주시,37.47
1264,20181007,제주시,91.27
1265,20181007,서귀포시,90.61
1266,20181008,제주시,86.57
1267,20181008,서귀포시,88.26
1268,20181009,제주시,79.13
1269,20181009,서귀포시,72.72
1270,20181010,서귀포시,47.65
1271,20181010,제주시,66.99
1272,20181011,제주시,61.59
1273,20181011,서귀포시,61.59
1274,20181012,서귀포시,73.42
1275,20181012,제주시,68.35
1276,20181013,제주시,67.34
1277,20181013,서귀포시,67.34
1278,20181014,제주시,74.43
1279,20181014,서귀포시,69.69
1280,20181015,제주시,77.44
1281,20181015,서귀포시,70.37
1282,20181016,제주시,70.37
1283,20181016,서귀포시,69.69
1284,20181017,제주시,66.31
1285,20181017,서귀포시,63.96
1286,20181018,제주시,63.96
1287,20181018,서귀포시,68.35
1288,20181019,제주시,74.76
1289,20181019,서귀포시,73.42
1290,20181020,제주시,76.47
1291,20181020,서귀포시,74.1
1292,20181021,제주시,79.5
1293,20181021,서귀포시,74.78
1294,20181022,제주시,76.78
1295,20181022,서귀포시,69.69
1296,20181023,제주시,72.06
1297,20181023,서귀포시,65.65
1298,20181024,제주시,74.76
1299,20181024,서귀포시,76.47
1300,20181025,제주시,83.56
1301,20181025,서귀포시,81.19
1302,20181026,제주시,40.56
1303,20181026,서귀포시,29.41
1304,20181027,서귀포시,62.6
1305,20181027,제주시,54.83
1306,20181028,제주시,65.3
1307,20181028,서귀포시,64.97
1308,20181029,서귀포시,74.28
1309,20181029,제주시,83.74
1310,20181030,서귀포시,69.36
1311,20181030,제주시,61.59
1312,20181031,서귀포시,64.29
1313,20181031,제주시,59.22
1314,20181101,서귀포시,71.05
1315,20181101,제주시,67.67
1316,20181102,제주시,74.1
1317,20181102,서귀포시,71.73
1318,20181103,제주시,68.02
1319,20181103,서귀포시,65.65
1320,20181104,제주시,77.66
1321,20181104,서귀포시,81.72
1322,20181105,서귀포시,76.47
1323,20181105,제주시,76.47
1324,20181106,제주시,79.5
1325,20181106,서귀포시,77.13
1326,20181107,제주시,44.71
1327,20181107,서귀포시,44.71
1328,20181108,서귀포시,40.56
1329,20181108,제주시,40.54
1330,20181109,서귀포시,64.97
1331,20181109,제주시,61.59
1332,20181110,제주시,79.35
1333,20181110,서귀포시,77.66
1334,20181111,서귀포시,36.96
1335,20181111,제주시,36.96
1336,20181112,서귀포시,32.9
1337,20181112,제주시,34.81
1338,20181113,서귀포시,67.67
1339,20181113,제주시,65.98
1340,20181114,서귀포시,69.36
1341,20181114,제주시,67.67
1342,20181115,서귀포시,71.73
1343,20181115,제주시,71.73
1344,20181116,서귀포시,29.87
1345,20181116,제주시,31.67
1346,20181117,서귀포시,60.91
1347,20181117,제주시,60.91
1348,20181118,제주시,34.59
1349,20181118,서귀포시,32.9
1350,20181119,제주시,59.22
1351,20181119,서귀포시,61.94
1352,20181120,서귀포시,67.01
1353,20181120,제주시,67.67
1354,20181121,서귀포시,29.41
1355,20181121,제주시,29.41
1356,20181122,서귀포시,58.56
1357,20181122,제주시,52.81
1358,20181123,서귀포시,57.88
1359,20181123,제주시,60.25
1360,20181124,서귀포시,52.81
1361,20181124,제주시,55.18
1362,20181125,서귀포시,64.97
1363,20181125,제주시,64.97
1364,20181126,제주시,38.65
1365,20181126,서귀포시,36.96
1366,20181127,제주시,71.73
1367,20181127,서귀포시,74.1
1368,20181128,제주시,69.36
1369,20181128,서귀포시,71.05
1370,20181129,제주시,71.05
1371,20181129,서귀포시,71.05
1372,20181130,제주시,66.66
1373,20181130,서귀포시,64.29
1374,20181201,제주시,61.21
1375,20181201,서귀포시,58.38
1376,20181202,서귀포시,38.64
1377,20181202,제주시,45.84
1378,20181203,서귀포시,49.82
1379,20181203,제주시,55.58
1380,20181204,서귀포시,42.97
1381,20181204,제주시,37.37
1382,20181205,서귀포시,59.92
1383,20181205,제주시,54.22
1384,20181206,서귀포시,25.39
1385,20181206,제주시,17.88
1386,20181207,서귀포시,48.27
1387,20181207,제주시,18.21
1388,20181208,서귀포시,46.98
1389,20181208,제주시,21.6
1390,20181209,서귀포시,48.52
1391,20181209,제주시,42.34
1392,20181210,서귀포시,54.22
1393,20181210,제주시,54.22
1394,20181211,서귀포시,26.81
1395,20181211,제주시,22.44
1396,20181212,제주시,30.5
1397,20181212,서귀포시,52.89
1398,20181213,제주시,51.14
1399,20181213,서귀포시,55.76
1400,20181214,제주시,46.98
1401,20181214,서귀포시,54.47
1402,20181215,제주시,52.89
1403,20181215,서귀포시,57.3
1404,20181216,제주시,27.18
1405,20181216,서귀포시,31.55
1406,20181217,제주시,46.52
1407,20181217,서귀포시,57.09
1408,20181218,서귀포시,58.63
1409,20181218,제주시,57.09
1410,20181219,서귀포시,58.38
1411,20181219,제주시,61.21
1412,20181220,제주시,31.28
1413,20181220,서귀포시,28.14
1414,20181221,서귀포시,37.31
1415,20181221,제주시,58.11
1416,20181222,서귀포시,42.26
1417,20181222,제주시,61.46
1418,20181223,서귀포시,33.15
1419,20181223,제주시,22.56
1420,20181224,제주시,46.98
1421,20181224,서귀포시,57.3
1422,20181225,제주시,55.76
1423,20181225,서귀포시,55.76
1424,20181226,서귀포시,31.92
1425,20181226,제주시,28.84
1426,20181227,서귀포시,46.73
1427,20181227,제주시,40.82
1428,20181228,제주시,20.02
1429,20181228,서귀포시,41.28
1430,20181229,제주시,27.9
1431,20181229,서귀포시,42.82
1432,20181230,서귀포시,50.06
1433,20181230,제주시,46.98
1434,20181231,서귀포시,48.52
1435,20181231,제주시,46.98
1436,20190101,서귀포시,43.88
1437,20190101,제주시,39.26
1438,20190102,제주시,46.98
1439,20190102,서귀포시,50.06
1440,20190103,서귀포시,57.3
1441,20190103,제주시,48.52
1442,20190104,서귀포시,30.32
1443,20190104,제주시,29.05
1444,20190105,서귀포시,30.38
1445,20190105,제주시,48.04
1446,20190106,서귀포시,54.22
1447,20190106,제주시,49.81
1448,20190107,서귀포시,57.09
1449,20190107,제주시,51.35
1450,20190108,제주시,48.27
1451,20190108,서귀포시,57.09
1452,20190109,서귀포시,51.6
1453,20190109,제주시,48.52
1454,20190110,서귀포시,35.12
1455,20190110,제주시,33.58
1456,20190111,서귀포시,31.92
1457,20190111,제주시,31.92
1458,20190112,제주시,27.24
1459,20190112,서귀포시,34.96
1460,20190113,서귀포시,60.17
1461,20190113,제주시,52.68
1462,20190114,제주시,60.17
1463,20190114,서귀포시,58.63
1464,20190115,제주시,49.6
1465,20190115,서귀포시,49.81
1466,20190116,서귀포시,54.47
1467,20190116,제주시,46.98
1468,20190117,서귀포시,48.52
1469,20190117,제주시,45.44
1470,20190118,서귀포시,58.84
1471,20190118,제주시,58.84
1472,20190119,서귀포시,31.67
1473,20190119,제주시,33.21
1474,20190120,제주시,46.73
1475,20190120,서귀포시,51.35
1476,20190121,제주시,48.27
1477,20190121,서귀포시,55.76
1478,20190122,제주시,57.09
1479,20190122,서귀포시,55.76
1480,20190123,서귀포시,61.18
1481,20190123,제주시,59.64
1482,20190124,제주시,56.77
1483,20190124,서귀포시,64.01
1484,20190125,서귀포시,49.81
1485,20190125,제주시,48.27
1486,20190126,서귀포시,45.44
1487,20190126,제주시,40.82
1488,20190127,서귀포시,51.35
1489,20190127,제주시,52.89
1490,20190128,서귀포시,49.81
1491,20190128,제주시,51.14
1492,20190129,서귀포시,57.3
1493,20190129,제주시,57.3
1494,20190130,제주시,31.92
1495,20190130,서귀포시,31.92
1496,20190131,제주시,10.58
1497,20190131,서귀포시,18.09
1498,20190201,서귀포시,51.39
1499,20190201,제주시,45.44
1500,20190202,서귀포시,55.76
1501,20190202,제주시,58.59
1502,20190203,서귀포시,29.43
1503,20190203,제주시,33.55
1504,20190204,서귀포시,61.71
1505,20190204,제주시,55.76
1506,20190205,서귀포시,57.05
1507,20190205,제주시,58.59
1508,20190206,제주시,63.0
1509,20190206,서귀포시,63.0
1510,20190207,제주시,28.8
1511,20190207,서귀포시,31.67
1512,20190208,서귀포시,49.81
1513,20190208,제주시,44.11
1514,20190209,서귀포시,42.34
1515,20190209,제주시,39.26
1516,20190210,제주시,46.98
1517,20190210,서귀포시,48.52
1518,20190211,제주시,42.34
1519,20190211,서귀포시,45.42
1520,20190212,제주시,51.35
1521,20190212,서귀포시,52.89
1522,20190213,제주시,49.81
1523,20190213,서귀포시,51.35
1524,20190214,서귀포시,52.89
1525,20190214,제주시,51.35
1526,20190215,서귀포시,30.32
1527,20190215,제주시,32.04
1528,20190216,제주시,45.44
1529,20190216,서귀포시,51.35
1530,20190217,서귀포시,50.06
1531,20190217,제주시,46.98
1532,20190218,제주시,25.85
1533,20190218,서귀포시,23.98
1534,20190219,제주시,25.27
1535,20190219,서귀포시,29.68
1536,20190220,제주시,51.35
1537,20190220,서귀포시,55.76
1538,20190221,서귀포시,55.76
1539,20190221,제주시,51.35
1540,20190222,제주시,31.92
1541,20190222,서귀포시,30.32
1542,20190223,서귀포시,57.05
1543,20190223,제주시,57.05
1544,20190224,서귀포시,61.46
1545,20190224,제주시,61.46
1546,20190225,서귀포시,58.59
1547,20190225,제주시,57.05
1548,20190226,서귀포시,63.0
1549,20190226,제주시,60.17
1550,20190227,제주시,36.08
1551,20190227,서귀포시,33.21
1552,20190228,서귀포시,49.58
1553,20190228,제주시,49.58
1554,20190301,서귀포시,64.01
1555,20190301,제주시,65.52
1556,20190302,서귀포시,31.27
1557,20190302,제주시,32.78
1558,20190303,서귀포시,29.59
1559,20190303,제주시,32.32
1560,20190304,제주시,25.52
1561,20190304,서귀포시,33.58
1562,20190305,제주시,59.74
1563,20190305,서귀포시,59.74
1564,20190306,서귀포시,28.08
1565,20190306,제주시,24.72
1566,20190307,서귀포시,61.45
1567,20190307,제주시,59.94
1568,20190308,제주시,66.36
1569,20190308,서귀포시,66.36
1570,20190309,제주시,33.66
1571,20190309,서귀포시,30.64
1572,20190310,서귀포시,25.6
1573,20190310,제주시,24.09
1574,20190311,서귀포시,49.92
1575,20190311,제주시,29.76
1576,20190312,제주시,33.54
1577,20190312,서귀포시,56.72
1578,20190313,제주시,64.39
1579,20190313,서귀포시,63.34
1580,20190314,서귀포시,62.96
1581,20190314,제주시,64.01
1582,20190315,서귀포시,22.33
1583,20190315,제주시,25.06
1584,20190316,제주시,62.5
1585,20190316,서귀포시,62.5
1586,20190317,제주시,68.92
1587,20190317,서귀포시,70.43
1588,20190318,서귀포시,32.61
1589,20190318,제주시,34.29
1590,20190319,서귀포시,53.88
1591,20190319,제주시,72.99
1592,20190320,서귀포시,26.65
1593,20190320,제주시,29.8
1594,20190321,서귀포시,61.84
1595,20190321,제주시,55.21
1596,20190322,서귀포시,54.16
1597,20190322,제주시,52.65
1598,20190323,서귀포시,54.16
1599,20190323,제주시,53.7
1600,20190324,제주시,64.85
1601,20190324,서귀포시,62.29
1602,20190325,제주시,59.74
1603,20190325,서귀포시,57.18
1604,20190326,제주시,68.46
1605,20190326,서귀포시,71.02
1606,20190327,서귀포시,60.79
1607,20190327,제주시,68.47
1608,20190328,서귀포시,64.86
1609,20190328,제주시,62.3
1610,20190329,서귀포시,63.81
1611,20190329,제주시,62.3
1612,20190330,서귀포시,32.32
1613,20190330,제주시,30.81
1614,20190331,서귀포시,59.94
1615,20190331,제주시,53.9
1616,20190401,서귀포시,59.94
1617,20190401,제주시,60.99
1618,20190402,제주시,65.52
1619,20190402,서귀포시,65.52
1620,20190403,제주시,67.41
1621,20190403,서귀포시,67.41
1622,20190404,서귀포시,64.01
1623,20190404,제주시,64.01
1624,20190405,서귀포시,67.62
1625,20190405,제주시,67.62
1626,20190406,제주시,79.16
1627,20190406,서귀포시,74.04
1628,20190407,제주시,43.9
1629,20190407,서귀포시,36.22
1630,20190408,서귀포시,70.64
1631,20190408,제주시,73.2
1632,20190409,서귀포시,25.14
1633,20190409,제주시,34.33
1634,20190410,제주시,28.96
1635,20190410,서귀포시,38.7
1636,20190411,제주시,55.5
1637,20190411,서귀포시,52.94
1638,20190412,서귀포시,72.99
1639,20190412,제주시,72.99
1640,20190413,서귀포시,63.81
1641,20190413,제주시,63.81
1642,20190414,제주시,41.68
1643,20190414,서귀포시,59.28
1644,20190415,제주시,72.99
1645,20190415,서귀포시,71.48
1646,20190416,제주시,51.33
1647,20190416,서귀포시,44.7
1648,20190417,제주시,58.06
1649,20190417,서귀포시,38.7
1650,20190418,제주시,88.35
1651,20190418,서귀포시,76.6
1652,20190419,서귀포시,70.18
1653,20190419,제주시,75.3
1654,20190420,서귀포시,77.65
1655,20190420,제주시,84.28
1656,20190421,서귀포시,74.05
1657,20190421,제주시,81.73
1658,20190422,제주시,85.34
1659,20190422,서귀포시,77.66
1660,20190423,제주시,48.64
1661,20190423,서귀포시,36.89
1662,20190424,제주시,79.76
1663,20190424,서귀포시,57.84
1664,20190425,제주시,65.91
1665,20190425,서귀포시,71.49
1666,20190426,서귀포시,56.55
1667,20190426,제주시,35.68
1668,20190427,서귀포시,59.28
1669,20190427,제주시,61.84
1670,20190428,서귀포시,34.88
1671,20190428,제주시,41.51
1672,20190429,서귀포시,37.35
1673,20190429,제주시,35.84
1674,20190430,서귀포시,43.82
1675,20190430,제주시,43.82
1676,20190501,서귀포시,71.03
1677,20190501,제주시,64.4
1678,20190502,제주시,72.53
1679,20190502,서귀포시,81.72
1680,20190503,제주시,84.28
1681,20190503,서귀포시,88.35
1682,20190504,제주시,87.51
1683,20190504,서귀포시,87.51
1684,20190505,서귀포시,79.83
1685,20190505,제주시,88.56
1686,20190506,서귀포시,69.13
1687,20190506,제주시,67.62
1688,20190507,제주시,74.04
1689,20190507,서귀포시,74.04
1690,20190508,서귀포시,68.93
1691,20190508,제주시,67.42
1692,20190509,서귀포시,64.86
1693,20190509,제주시,68.93
1694,20190510,서귀포시,78.32
1695,20190510,제주시,82.39
1696,20190511,제주시,87.51
1697,20190511,서귀포시,86.0
1698,20190512,제주시,88.56
1699,20190512,서귀포시,87.51
1700,20190513,제주시,86.85
1701,20190513,서귀포시,80.22
1702,20190514,제주시,87.9
1703,20190514,서귀포시,67.03
1704,20190515,제주시,87.9
1705,20190515,서귀포시,85.34
1706,20190516,서귀포시,82.32
1707,20190516,제주시,87.9
1708,20190517,서귀포시,54.73
1709,20190517,제주시,56.24
1710,20190518,제주시,45.16
1711,20190518,서귀포시,48.18
1712,20190519,제주시,76.57
1713,20190519,서귀포시,59.77
1714,20190520,서귀포시,71.03
1715,20190520,제주시,55.28
1716,20190521,제주시,87.89
1717,20190521,서귀포시,83.82
1718,20190522,제주시,95.57
1719,20190522,서귀포시,88.94
1720,20190523,제주시,95.57
1721,20190523,서귀포시,94.06
1722,20190524,서귀포시,94.06
1723,20190524,제주시,91.5
1724,20190525,제주시,83.44
1725,20190525,서귀포시,92.17
1726,20190526,제주시,84.88
1727,20190526,서귀포시,84.88
1728,20190527,서귀포시,45.62
1729,20190527,제주시,49.69
1730,20190528,서귀포시,83.44
1731,20190528,제주시,88.56
1732,20190529,제주시,95.57
1733,20190529,서귀포시,95.57
1734,20190530,서귀포시,87.9
1735,20190530,제주시,87.9
1736,20190531,서귀포시,49.65
1737,20190531,제주시,58.38
1738,20190601,제주시,89.16
1739,20190601,서귀포시,86.62
1740,20190602,서귀포시,90.83
1741,20190602,제주시,89.16
1742,20190603,서귀포시,96.75
1743,20190603,제주시,95.08
1744,20190604,제주시,89.16
1745,20190604,서귀포시,84.32
1746,20190605,제주시,98.23
1747,20190605,서귀포시,98.23
1748,20190606,제주시,57.34
1749,20190606,서귀포시,49.16
1750,20190607,서귀포시,58.17
1751,20190607,제주시,77.64
1752,20190608,제주시,63.18
1753,20190608,서귀포시,78.44
1754,20190609,제주시,87.49
1755,20190609,서귀포시,84.95
1756,20190610,제주시,87.49
1757,20190610,서귀포시,82.41
1758,20190611,서귀포시,64.61
1759,20190611,제주시,59.62
1760,20190612,제주시,86.62
1761,20190612,서귀포시,85.75
1762,20190613,제주시,94.89
1763,20190613,서귀포시,90.68
1764,20190614,제주시,52.5
1765,20190614,서귀포시,48.29
1766,20190615,제주시,90.07
1767,20190615,서귀포시,87.53
1768,20190616,서귀포시,93.41
1769,20190616,제주시,85.82
1770,20190617,제주시,90.83
1771,20190617,서귀포시,89.16
1772,20190618,제주시,82.65
1773,20190618,서귀포시,57.84
1774,20190619,제주시,89.16
1775,20190619,서귀포시,89.16
1776,20190620,제주시,96.75
1777,20190620,서귀포시,95.08
1778,20190621,서귀포시,84.32
1779,20190621,제주시,90.83
1780,20190622,제주시,66.13
1781,20190622,서귀포시,87.49
1782,20190623,서귀포시,91.74
1783,20190623,제주시,93.41
1784,20190624,제주시,96.75
1785,20190624,서귀포시,95.08
1786,20190625,제주시,93.22
1787,20190625,서귀포시,91.55
1788,20190626,제주시,50.83
1789,20190626,서귀포시,50.83
1790,20190627,제주시,80.13
1791,20190627,서귀포시,63.18
1792,20190628,제주시,90.83
1793,20190628,서귀포시,89.16
1794,20190629,서귀포시,52.5
1795,20190629,제주시,39.9
1796,20190630,제주시,64.0
1797,20190630,서귀포시,61.18
1798,20190701,서귀포시,62.85
1799,20190701,제주시,85.99
1800,20190702,제주시,90.83
1801,20190702,서귀포시,90.83
1802,20190703,제주시,61.29
1803,20190703,서귀포시,55.95
1804,20190704,제주시,98.23
1805,20190704,서귀포시,98.23
1806,20190705,제주시,89.16
1807,20190705,서귀포시,90.83
1808,20190706,서귀포시,94.89
1809,20190706,제주시,93.22
1810,20190707,서귀포시,64.46
1811,20190707,제주시,85.82
1812,20190708,서귀포시,63.18
1813,20190708,제주시,54.39
1814,20190709,제주시,85.82
1815,20190709,서귀포시,87.49
1816,20190710,서귀포시,49.16
1817,20190710,제주시,47.49
1818,20190711,제주시,68.02
1819,20190711,서귀포시,85.82
1820,20190712,서귀포시,90.83
1821,20190712,제주시,89.16
1822,20190713,제주시,52.5
1823,20190713,서귀포시,54.17
1824,20190714,제주시,95.08
1825,20190714,서귀포시,90.83
1826,20190715,서귀포시,96.75
1827,20190715,제주시,95.08
1828,20190716,서귀포시,89.16
1829,20190716,제주시,79.93
1830,20190717,서귀포시,59.62
1831,20190717,제주시,50.28
1832,20190718,서귀포시,54.17
1833,20190718,제주시,42.42
1834,20190719,서귀포시,39.11
1835,20190719,제주시,23.95
1836,20190720,서귀포시,39.11
1837,20190720,제주시,26.49
1838,20190721,서귀포시,74.27
1839,20190721,제주시,52.98
1840,20190722,서귀포시,50.91
1841,20190722,제주시,21.33
1842,20190723,서귀포시,84.12
1843,20190723,제주시,47.05
1844,20190724,서귀포시,84.12
1845,20190724,제주시,44.51
1846,20190725,서귀포시,60.98
1847,20190725,제주시,53.58
1848,20190726,서귀포시,50.91
1849,20190726,제주시,52.1
1850,20190727,서귀포시,57.64
1851,20190727,제주시,41.97
1852,20190728,서귀포시,51.86
1853,20190728,제주시,53.8
1854,20190729,서귀포시,83.94
1855,20190729,제주시,58.64
1856,20190730,서귀포시,69.81
1857,20190730,제주시,51.91
1858,20190731,서귀포시,74.01
1859,20190731,제주시,54.38
1860,20190801,서귀포시,79.07
1861,20190801,제주시,51.04
1862,20190802,제주시,56.12
1863,20190802,서귀포시,78.01
1864,20190803,제주시,47.05
1865,20190803,서귀포시,63.9
1866,20190804,제주시,51.91
1867,20190804,서귀포시,73.82
1868,20190805,제주시,56.99
1869,20190805,서귀포시,77.21
1870,20190806,제주시,48.8
1871,20190806,서귀포시,41.24
1872,20190807,제주시,56.1
1873,20190807,서귀포시,70.43
1874,20190808,제주시,18.65
1875,20190808,서귀포시,32.86
1876,20190809,제주시,31.85
1877,20190809,서귀포시,52.09
1878,20190810,제주시,13.19
1879,20190810,서귀포시,10.39
1880,20190811,제주시,6.18
1881,20190811,서귀포시,20.49
1882,20190812,제주시,4.44
1883,20190812,서귀포시,17.12
1884,20190813,제주시,53.58
1885,20190813,서귀포시,62.83
1886,20190814,제주시,41.97
1887,20190814,서귀포시,41.97
1888,20190815,제주시,38.87
1889,20190815,서귀포시,43.08
1890,20190816,서귀포시,50.7
1891,20190816,제주시,18.27
1892,20190817,서귀포시,68.8
1893,20190817,제주시,56.99
1894,20190818,서귀포시,63.07
1895,20190818,제주시,66.4
1896,20190819,서귀포시,84.12
1897,20190819,제주시,74.0
1898,20190820,서귀포시,41.53
1899,20190820,제주시,23.31
1900,20190821,서귀포시,36.47
1901,20190821,제주시,11.19
1902,20190822,제주시,10.54
1903,20190822,서귀포시,27.26
1904,20190823,서귀포시,78.23
1905,20190823,제주시,72.33
1906,20190824,서귀포시,90.83
1907,20190824,제주시,84.12
1908,20190825,제주시,52.69
1909,20190825,서귀포시,55.84
1910,20190826,서귀포시,41.47
1911,20190826,제주시,44.94
1912,20190827,서귀포시,33.15
1913,20190827,제주시,12.89
1914,20190828,제주시,41.53
1915,20190828,서귀포시,49.13
1916,20190829,제주시,55.84
1917,20190829,서귀포시,55.84
1918,20190830,제주시,82.45
1919,20190830,서귀포시,89.16
1920,20190831,제주시,84.12
1921,20190831,서귀포시,90.83
1922,20190901,서귀포시,50.99
1923,20190901,제주시,49.3
1924,20190902,서귀포시,48.62
1925,20190902,제주시,46.93
1926,20190903,서귀포시,47.94
1927,20190903,제주시,34.44
1928,20190904,서귀포시,50.99
1929,20190904,제주시,36.81
1930,20190905,서귀포시,46.25
1931,20190905,제주시,32.75
1932,20190906,서귀포시,30.36
1933,20190906,제주시,23.29
1934,20190907,제주시,17.23
1935,20190907,서귀포시,29.0
1936,20190908,제주시,46.25
1937,20190908,서귀포시,50.99
1938,20190909,서귀포시,44.56
1939,20190909,제주시,19.25
1940,20190910,서귀포시,85.52
1941,20190910,제주시,62.56
1942,20190911,서귀포시,72.0
1943,20190911,제주시,46.93
1944,20190912,제주시,48.95
1945,20190912,서귀포시,70.66
1946,20190913,서귀포시,94.83
1947,20190913,제주시,94.83
1948,20190914,제주시,96.52
1949,20190914,서귀포시,96.52
1950,20190915,제주시,83.83
1951,20190915,서귀포시,86.2
1952,20190916,제주시,86.2
1953,20190916,서귀포시,86.2
1954,20190917,서귀포시,94.83
1955,20190917,제주시,84.51
1956,20190918,제주시,94.83
1957,20190918,서귀포시,96.52
1958,20190919,제주시,94.83
1959,20190919,서귀포시,94.83
1960,20190920,제주시,61.22
1961,20190920,서귀포시,61.22
1962,20190921,서귀포시,37.47
1963,20190921,제주시,40.85
1964,20190922,서귀포시,37.47
1965,20190922,제주시,37.47
1966,20190923,서귀포시,84.51
1967,20190923,제주시,82.82
1968,20190924,서귀포시,91.82
1969,20190924,제주시,96.52
1970,20190925,서귀포시,86.2
1971,20190925,제주시,84.51
1972,20190926,서귀포시,79.79
1973,20190926,제주시,60.1
1974,20190927,제주시,43.99
1975,20190927,서귀포시,50.99
1976,20190928,서귀포시,50.99
1977,20190928,제주시,48.62
1978,20190929,서귀포시,81.48
1979,20190929,제주시,50.99
1980,20190930,서귀포시,52.79
1981,20190930,제주시,56.39
1982,20191001,서귀포시,47.61
1983,20191001,제주시,47.61
1984,20191002,제주시,35.1
1985,20191002,서귀포시,37.47
1986,20191003,제주시,54.81
1987,20191003,서귀포시,54.7
1988,20191004,서귀포시,94.65
1989,20191004,제주시,92.96
1990,20191005,서귀포시,83.85
1991,20191005,제주시,78.1
1992,20191006,서귀포시,84.51
1993,20191006,제주시,54.7
1994,20191007,서귀포시,56.39
1995,20191007,제주시,54.7
1996,20191008,제주시,80.47
1997,20191008,서귀포시,81.5
1998,20191009,서귀포시,84.75
1999,20191009,제주시,84.75
2000,20191010,서귀포시,91.16
2001,20191010,제주시,91.82
2002,20191011,제주시,93.14
2003,20191011,서귀포시,90.79
2004,20191012,제주시,84.51
2005,20191012,서귀포시,82.16
2006,20191013,제주시,89.1
2007,20191013,서귀포시,80.34
2008,20191014,제주시,90.13
2009,20191014,서귀포시,83.06
2010,20191015,제주시,39.33
2011,20191015,서귀포시,60.93
2012,20191016,제주시,85.41
2013,20191016,서귀포시,80.69
2014,20191017,제주시,73.4
2015,20191017,서귀포시,70.37
2016,20191018,서귀포시,44.6
2017,20191018,제주시,46.95
2018,20191019,서귀포시,85.91
2019,20191019,제주시,88.92
2020,20191020,제주시,92.48
2021,20191020,서귀포시,89.47
2022,20191021,서귀포시,74.43
2023,20191021,제주시,82.16
2024,20191022,서귀포시,76.78
2025,20191022,제주시,75.75
2026,20191023,제주시,82.82
2027,20191023,서귀포시,78.12
2028,20191024,서귀포시,47.08
2029,20191024,제주시,52.46
2030,20191025,제주시,92.48
2031,20191025,서귀포시,85.91
2032,20191026,서귀포시,63.28
2033,20191026,제주시,63.94
2034,20191027,서귀포시,71.73
2035,20191027,제주시,74.76
2036,20191028,제주시,76.8
2037,20191028,서귀포시,66.66
2038,20191029,서귀포시,68.02
2039,20191029,제주시,75.77
2040,20191030,서귀포시,75.29
2041,20191030,제주시,80.01
2042,20191031,제주시,84.75
2043,20191031,서귀포시,84.09
2044,20191101,제주시,89.47
2045,20191101,서귀포시,88.81
2046,20191102,제주시,81.5
2047,20191102,서귀포시,74.43
2048,20191103,제주시,70.37
2049,20191103,서귀포시,65.65
2050,20191104,서귀포시,36.96
2051,20191104,제주시,40.56
2052,20191105,서귀포시,71.73
2053,20191105,제주시,78.82
2054,20191106,서귀포시,77.66
2055,20191106,제주시,82.38
2056,20191107,서귀포시,64.97
2057,20191107,제주시,68.0
2058,20191108,서귀포시,72.92
2059,20191108,제주시,69.54
2060,20191109,서귀포시,75.29
2061,20191109,제주시,71.91
2062,20191110,제주시,37.64
2063,20191110,서귀포시,33.47
2064,20191111,제주시,64.62
2065,20191111,서귀포시,61.59
2066,20191112,제주시,71.73
2067,20191112,서귀포시,71.73
2068,20191113,제주시,38.87
2069,20191113,서귀포시,33.47
2070,20191114,서귀포시,65.32
2071,20191114,제주시,56.87
2072,20191115,제주시,75.97
2073,20191115,서귀포시,71.23
2074,20191116,제주시,76.8
2075,20191116,서귀포시,67.34
2076,20191117,제주시,52.46
2077,20191117,서귀포시,48.2
2078,20191118,서귀포시,31.23
2079,20191118,제주시,24.23
2080,20191119,제주시,55.18
2081,20191119,서귀포시,54.5
2082,20191120,제주시,65.32
2083,20191120,서귀포시,64.64
2084,20191121,제주시,63.28
2085,20191121,서귀포시,62.6
2086,20191122,제주시,66.33
2087,20191122,서귀포시,61.59
2088,20191123,제주시,75.09
2089,20191123,서귀포시,76.78
2090,20191124,제주시,46.51
2091,20191124,서귀포시,44.05
2092,20191125,서귀포시,53.49
2093,20191125,제주시,41.33
2094,20191126,제주시,31.1
2095,20191126,서귀포시,31.1
2096,20191127,서귀포시,28.75
2097,20191127,제주시,29.41
2098,20191128,서귀포시,60.25
2099,20191128,제주시,56.87
2100,20191129,제주시,66.51
2101,20191129,서귀포시,70.57
2102,20191130,서귀포시,71.05
2103,20191130,제주시,69.36
2104,20191201,서귀포시,29.68
2105,20191201,제주시,29.68
2106,20191202,제주시,44.71
2107,20191202,서귀포시,44.71
2108,20191203,제주시,52.68
2109,20191203,서귀포시,55.76
2110,20191204,제주시,55.51
2111,20191204,서귀포시,55.76
2112,20191205,제주시,52.68
2113,20191205,서귀포시,51.35
2114,20191206,서귀포시,48.52
2115,20191206,제주시,46.98
2116,20191207,서귀포시,51.35
2117,20191207,제주시,52.68
2118,20191208,서귀포시,55.76
2119,20191208,제주시,54.22
2120,20191209,서귀포시,60.17
2121,20191209,제주시,63.0
2122,20191210,서귀포시,68.42
2123,20191210,제주시,72.54
2124,20191211,제주시,-0.34
2125,20191211,서귀포시,-0.16
2126,20191212,제주시,-0.3
2127,20191212,서귀포시,-0.07
2128,20191213,제주시,-0.37
2129,20191213,서귀포시,-0.35
2130,20191214,서귀포시,-0.38
2131,20191214,제주시,-0.32
2132,20191215,제주시,-0.16
2133,20191215,서귀포시,-0.16
2134,20191216,서귀포시,-0.16
2135,20191216,제주시,-0.07
2136,20191217,서귀포시,-0.8
2137,20191217,제주시,-0.92
2138,20191218,제주시,-0.42
2139,20191218,서귀포시,-0.36
2140,20191219,제주시,-0.53
2141,20191219,서귀포시,-0.47
2142,20191220,제주시,-0.36
2143,20191220,서귀포시,-0.4
2144,20191221,제주시,-0.3
2145,20191221,서귀포시,-0.41
2146,20191222,제주시,-0.8
2147,20191222,서귀포시,-0.8
2148,20191223,제주시,-0.32
2149,20191223,서귀포시,-0.24
2150,20191224,서귀포시,-0.2
2151,20191224,제주시,-0.24
2152,20191225,서귀포시,-0.59
2153,20191225,제주시,-0.33
2154,20191226,제주시,-0.81
2155,20191226,서귀포시,-0.75
2156,20191227,제주시,-0.53
2157,20191227,서귀포시,-0.56
2158,20191228,서귀포시,-0.18
2159,20191228,제주시,-0.18
2160,20191229,서귀포시,-0.97
2161,20191229,제주시,-0.78
2162,20191230,서귀포시,-0.38
2163,20191230,제주시,-0.4
2164,20191231,제주시,-0.94
2165,20191231,서귀포시,-0.66
